DROP DATABASE IF EXISTS shopProducts;

CREATE DATABASE shopProducts;

USE shopProducts;

CREATE TABLE shops (
  id int NOT NULL,
  name varchar(30),
  city varchar(20),
  state varchar(20),
  shop_image_url varchar(100),
  PRIMARY KEY (ID)
);

insert into shops (id, name, city, state, shop_image_url) values (1, 'Pet Arts Inc', 'Bronx', 'New York', 'https://s3-us-west-1.amazonaws.com/shopsproductsphotos/shoplogo1.jpg');
insert into shops (id, name, city, state, shop_image_url) values (2, 'Russel, Doyle and Hammes', 'Hagerstown', 'Maryland', 'https://s3-us-west-1.amazonaws.com/shopsproductsphotos/shoplogo2.jpg');
insert into shops (id, name, city, state, shop_image_url) values (3, 'Shiba Love', 'Las Vegas', 'Nevada', 'https://s3-us-west-1.amazonaws.com/shopsproductsphotos/shoplogo3.jpg');
insert into shops (id, name, city, state, shop_image_url) values (4, 'Buddy and Friends', 'Washington', 'District of Columbia', 'https://s3-us-west-1.amazonaws.com/shopsproductsphotos/shoplogo4.jpg');
insert into shops (id, name, city, state, shop_image_url) values (5, 'Apawcals', 'Kansas City', 'Missouri', 'https://s3-us-west-1.amazonaws.com/shopsproductsphotos/shoplogo5.jpg');
insert into shops (id, name, city, state, shop_image_url) values (6, 'Waffle and Pancakes', 'Gainesville', 'Florida', 'https://s3-us-west-1.amazonaws.com/shopsproductsphotos/shoplogo6.jpg');
insert into shops (id, name, city, state, shop_image_url) values (7, 'Kulas Inc', 'Madison', 'Wisconsin', 'https://s3-us-west-1.amazonaws.com/shopsproductsphotos/shoplogo7.jpg');
insert into shops (id, name, city, state, shop_image_url) values (8, 'Love Pets', 'Naples', 'Florida', 'https://s3-us-west-1.amazonaws.com/shopsproductsphotos/shoplogo8.jpg');
insert into shops (id, name, city, state, shop_image_url) values (9, 'Roma Lena', 'Richmond', 'Virginia', 'https://s3-us-west-1.amazonaws.com/shopsproductsphotos/shoplogo9.jpg');
insert into shops (id, name, city, state, shop_image_url) values (10, 'Muttville', 'Charleston', 'South Carolina', 'https://s3-us-west-1.amazonaws.com/shopsproductsphotos/shoplogo10.jpg');
insert into shops (id, name, city, state, shop_image_url) values (11, 'Printable Art', 'Las Vegas', 'Nevada', 'https://s3-us-west-1.amazonaws.com/shopsproductsphotos/shoplogo11.jpg');
insert into shops (id, name, city, state, shop_image_url) values (12, 'Witting Inc', 'Van Nuys', 'California', 'https://s3-us-west-1.amazonaws.com/shopsproductsphotos/shoplogo12.jpg');
insert into shops (id, name, city, state, shop_image_url) values (13, 'Simple Print', 'Allentown', 'Pennsylvania', 'https://s3-us-west-1.amazonaws.com/shopsproductsphotos/shoplogo13.jpg');
insert into shops (id, name, city, state, shop_image_url) values (14, 'Jenny, Ritchie and Buddy', 'Greensboro', 'North Carolina', 'https://s3-us-west-1.amazonaws.com/shopsproductsphotos/shoplogo14.jpg');
insert into shops (id, name, city, state, shop_image_url) values (15, 'Littl Cat Draw', 'Mobile', 'Alabama', 'https://s3-us-west-1.amazonaws.com/shopsproductsphotos/shoplogo15.jpg');

CREATE TABLE products (
  id int NOT NULL,
  name varchar(80),
  price DECIMAL(5,2),
  liked varchar(5),
  id_shops int,
  PRIMARY KEY (ID)
);

insert into products (id, name, price, liked, id_shops) values (1, 'Kittens playing painting', 134.55, 'false', 12);
insert into products (id, name, price, liked, id_shops) values (2, 'Eagle, pallas''s fish painting', 36.39, 'false', 11);
insert into products (id, name, price, liked, id_shops) values (3, 'Fox, crab-eating painting', 47.92, 'false', 8);
insert into products (id, name, price, liked, id_shops) values (4, 'Roseate cockatoo painting', 83.27, 'false', 12);
insert into products (id, name, price, liked, id_shops) values (5, 'Dog, blue painting', 47.14, 'false', 12);
insert into products (id, name, price, liked, id_shops) values (6, 'Squirrel painting', 20.86, 'false', 9);
insert into products (id, name, price, liked, id_shops) values (7, 'Puma, south american painting', 62.26, 'false', 10);
insert into products (id, name, price, liked, id_shops) values (8, 'Panda painting', 16.32, 'false', 14);
insert into products (id, name, price, liked, id_shops) values (9, 'Four-horned antelope painting', 21.67, 'false', 14);
insert into products (id, name, price, liked, id_shops) values (10, 'Apalcas painting', 113.79, 'false', 1);
insert into products (id, name, price, liked, id_shops) values (11, 'Radiated tortoise painting', 93.50, 'false', 1);
insert into products (id, name, price, liked, id_shops) values (12, 'Black-crowned crane painting', 62.13, 'false', 7);
insert into products (id, name, price, liked, id_shops) values (13, 'American marten painting', 132.22, 'false', 3);
insert into products (id, name, price, liked, id_shops) values (14, 'Cat, cape wild painting', 104.56, 'false', 4);
insert into products (id, name, price, liked, id_shops) values (15, 'Downy woodpecker painting', 143.83, 'false', 2);
insert into products (id, name, price, liked, id_shops) values (16, 'European red squirrel painting', 2.19, 'false', 4);
insert into products (id, name, price, liked, id_shops) values (17, 'Possum, ring-tailed painting', 82.28, 'false', 11);
insert into products (id, name, price, liked, id_shops) values (18, 'Shiba playing painting', 119.71, 'false', 10);
insert into products (id, name, price, liked, id_shops) values (19, 'Panda painting', 122.97, 'false', 1);
insert into products (id, name, price, liked, id_shops) values (20, 'Frenchi painting', 111.16, 'false', 12);
insert into products (id, name, price, liked, id_shops) values (21, 'Hyena, brown painting', 126.18, 'false', 5);
insert into products (id, name, price, liked, id_shops) values (22, 'African fish eagle painting', 19.10, 'false', 14);
insert into products (id, name, price, liked, id_shops) values (23, 'Puppies painting', 7.07, 'false', 13);
insert into products (id, name, price, liked, id_shops) values (24, 'Turtle painting', 34.65, 'false', 14);
insert into products (id, name, price, liked, id_shops) values (25, 'Cats painting', 122.82, 'false', 3);
insert into products (id, name, price, liked, id_shops) values (26, 'Lizard, mexican beaded prints', 119.63, 'false', 6);
insert into products (id, name, price, liked, id_shops) values (27, 'Lion, asian prints', 7.37, 'false', 11);
insert into products (id, name, price, liked, id_shops) values (28, 'Stork, woolly-necked prints', 42.19, 'false', 1);
insert into products (id, name, price, liked, id_shops) values (29, 'Crow, american prints', 29.20, 'false', 5);
insert into products (id, name, price, liked, id_shops) values (30, 'Sambar prints', 133.68, 'false', 10);
insert into products (id, name, price, liked, id_shops) values (31, 'Bleeding heart monkey prints', 98.98, 'false', 5);
insert into products (id, name, price, liked, id_shops) values (32, 'Shibas prints', 138.64, 'false', 10);
insert into products (id, name, price, liked, id_shops) values (33, 'Common raccoon prints', 30.51, 'false', 11);
insert into products (id, name, price, liked, id_shops) values (34, 'Fox, silver-backed prints', 65.59, 'false', 5);
insert into products (id, name, price, liked, id_shops) values (35, 'Argalis prints', 37.12, 'false', 2);
insert into products (id, name, price, liked, id_shops) values (36, 'Common long-nosed armadillo prints', 86.64, 'false', 15);
insert into products (id, name, price, liked, id_shops) values (37, 'Small Indian mongoose prints', 59.99, 'false', 14);
insert into products (id, name, price, liked, id_shops) values (38, 'Kitties prints', 131.85, 'false', 10);
insert into products (id, name, price, liked, id_shops) values (39, 'Asian openbill prints', 102.96, 'false', 8);
insert into products (id, name, price, liked, id_shops) values (40, 'Thirteen-lined squirrel prints', 45.12, 'false', 9);
insert into products (id, name, price, liked, id_shops) values (41, 'California sea lion prints', 27.39, 'false', 15);
insert into products (id, name, price, liked, id_shops) values (42, 'Shiba prints', 84.46, 'false', 4);
insert into products (id, name, price, liked, id_shops) values (43, 'Wolf, common prints', 8.00, 'false', 1);
insert into products (id, name, price, liked, id_shops) values (44, 'Orca prints', 129.76, 'false', 1);
insert into products (id, name, price, liked, id_shops) values (45, 'Shibas prints', 120.39, 'false', 7);
insert into products (id, name, price, liked, id_shops) values (46, 'Cow, scottish highland prints', 84.33, 'false', 7);
insert into products (id, name, price, liked, id_shops) values (47, 'Shiba red prints', 137.39, 'false', 8);
insert into products (id, name, price, liked, id_shops) values (48, 'Australian masked owl prints', 18.00, 'false', 9);
insert into products (id, name, price, liked, id_shops) values (49, 'Shibas white prints', 61.07, 'false', 5);
insert into products (id, name, price, liked, id_shops) values (50, 'South American puma prints', 54.51, 'false', 9);
insert into products (id, name, price, liked, id_shops) values (51, 'Black and white shiba watercolor wall art', 98.62, 'false', 12);
insert into products (id, name, price, liked, id_shops) values (52, 'Black and white shiba playing watercolor wall art', 23.29, 'false', 12);
insert into products (id, name, price, liked, id_shops) values (53, 'Teal shiba watercolor wall art', 82.05, 'false', 15);
insert into products (id, name, price, liked, id_shops) values (54, 'Red shiba watercolor wall art', 56.13, 'false', 6);
insert into products (id, name, price, liked, id_shops) values (55, 'Maroon shiba watercolor wall art', 5.59, 'false', 3);
insert into products (id, name, price, liked, id_shops) values (56, 'Pink shiba watercolor wall art', 130.27, 'false', 9);
insert into products (id, name, price, liked, id_shops) values (57, 'Orange shiba watercolor wall art', 44.27, 'false', 5);
insert into products (id, name, price, liked, id_shops) values (58, 'Turquoise shiba watercolor wall art', 129.24, 'false', 13);
insert into products (id, name, price, liked, id_shops) values (59, 'Pink shiba watercolor wall art', 116.68, 'false', 4);
insert into products (id, name, price, liked, id_shops) values (60, 'Turquoise shiba puppies watercolor wall art', 111.58, 'false', 5);
insert into products (id, name, price, liked, id_shops) values (61, 'Four-spotted skimmer custom portrait wall art', 42.76, 'false', 6);
insert into products (id, name, price, liked, id_shops) values (62, 'Sally lightfoot crab custom portrait wall art', 93.28, 'false', 4);
insert into products (id, name, price, liked, id_shops) values (63, 'Spotted deer custom portrait wall art', 45.91, 'false', 11);
insert into products (id, name, price, liked, id_shops) values (64, 'Langur, hanuman custom portrait wall art', 6.26, 'false', 9);
insert into products (id, name, price, liked, id_shops) values (65, 'Crane, wattled custom portrait wall art', 122.95, 'false', 9);
insert into products (id, name, price, liked, id_shops) values (66, 'White stork custom portrait wall art', 48.73, 'false', 3);
insert into products (id, name, price, liked, id_shops) values (67, 'Clark''s nutcracker custom portrait wall art', 10.13, 'false', 14);
insert into products (id, name, price, liked, id_shops) values (68, 'Cat, long-tailed spotted custom portrait wall art', 138.22, 'false', 5);
insert into products (id, name, price, liked, id_shops) values (69, 'Huron custom portrait wall art', 111.94, 'false', 6);
insert into products (id, name, price, liked, id_shops) values (70, 'Shiba custom portrait wall art', 73.68, 'false', 7);
insert into products (id, name, price, liked, id_shops) values (71, 'Shiba pet custom portrait wall art', 118.24, 'false', 8);
insert into products (id, name, price, liked, id_shops) values (72, 'Cheetah custom portrait wall art', 51.79, 'false', 12);
insert into products (id, name, price, liked, id_shops) values (73, 'Seal, northern fur custom portrait wall art', 108.68, 'false', 1);
insert into products (id, name, price, liked, id_shops) values (74, 'Gull, herring custom portrait wall art', 61.19, 'false', 6);
insert into products (id, name, price, liked, id_shops) values (75, 'Greater flamingo custom portrait wall art', 121.15, 'false', 11);
insert into products (id, name, price, liked, id_shops) values (76, 'Savannah deer custom portrait wall art', 88.95, 'false', 14);
insert into products (id, name, price, liked, id_shops) values (77, 'Dog portrait wall art', 145.87, 'false', 6);
insert into products (id, name, price, liked, id_shops) values (78, 'Brush-tailed bettong custom portrait wall art', 144.80, 'false', 14);
insert into products (id, name, price, liked, id_shops) values (79, 'Hawk-eagle, crowned custom portrait wall art', 99.17, 'false', 8);
insert into products (id, name, price, liked, id_shops) values (80, 'Cat custom portrait wall art', 65.56, 'false', 4);
insert into products (id, name, price, liked, id_shops) values (81, 'White-headed vulture custom portrait wall art', 4.08, 'false', 6);
insert into products (id, name, price, liked, id_shops) values (82, 'Cook''s tree boa custom portrait wall art', 144.78, 'false', 9);
insert into products (id, name, price, liked, id_shops) values (83, 'Sarus crane custom portrait wall art', 55.73, 'false', 7);
insert into products (id, name, price, liked, id_shops) values (84, 'Russian dragonfly custom portrait wall art', 121.69, 'false', 4);
insert into products (id, name, price, liked, id_shops) values (85, 'Ring dove custom portrait wall art', 50.34, 'false', 15);
insert into products (id, name, price, liked, id_shops) values (86, 'Shiba, black and white custom portrait wall art', 64.57, 'false', 5);
insert into products (id, name, price, liked, id_shops) values (87, 'Malleefowl custom portrait wall art', 23.77, 'false', 5);
insert into products (id, name, price, liked, id_shops) values (88, 'Beaver, eurasian custom portrait wall art', 149.18, 'false', 13);
insert into products (id, name, price, liked, id_shops) values (89, 'African wild dog custom portrait wall art', 34.62, 'false', 5);
insert into products (id, name, price, liked, id_shops) values (90, 'Dragon, frilled custom portrait wall art', 104.98, 'false', 4);
insert into products (id, name, price, liked, id_shops) values (91, 'Fox, bat-eared custom portrait wall art', 52.51, 'false', 12);
insert into products (id, name, price, liked, id_shops) values (92, 'Ant custom portrait wall art', 69.82, 'false', 15);
insert into products (id, name, price, liked, id_shops) values (93, 'Red-necked wallaby custom portrait wall art', 61.17, 'false', 8);
insert into products (id, name, price, liked, id_shops) values (94, 'Common langur custom portrait wall art', 49.86, 'false', 9);
insert into products (id, name, price, liked, id_shops) values (95, 'Cape clawless otter custom portrait wall art', 32.94, 'false', 2);
insert into products (id, name, price, liked, id_shops) values (96, 'Otter, african clawless custom portrait wall art', 36.20, 'false', 9);
insert into products (id, name, price, liked, id_shops) values (97, 'Sparrow, house custom portrait wall art', 14.78, 'false', 6);
insert into products (id, name, price, liked, id_shops) values (98, 'Red squirrel custom portrait wall art', 86.52, 'false', 11);
insert into products (id, name, price, liked, id_shops) values (99, 'Hornbill, yellow-billed custom portrait wall art', 108.38, 'false', 15);
insert into products (id, name, price, liked, id_shops) values (100, 'Wolf custom portrait wall art', 10.22, 'false', 6);
insert into products (id, name, price, liked, id_shops) values (101, 'Set of 3 shibas prints', 24.46, 'false', 2);
insert into products (id, name, price, liked, id_shops) values (102, 'Set of 3 American beaver prints', 55.60, 'false', 8);
insert into products (id, name, price, liked, id_shops) values (103, 'Set of 3 Western grey kangaroo prints', 64.97, 'false', 13);
insert into products (id, name, price, liked, id_shops) values (104, 'Set of 3 Kitties prints', 20.14, 'false', 14);
insert into products (id, name, price, liked, id_shops) values (105, 'Set of 3 Reindeer prints', 44.02, 'false', 3);
insert into products (id, name, price, liked, id_shops) values (106, 'Set of 3 Cats prints', 106.26, 'false', 9);
insert into products (id, name, price, liked, id_shops) values (107, 'Set of 3 Blue racer prints', 108.22, 'false', 5);
insert into products (id, name, price, liked, id_shops) values (108, 'Set of 3 Wildebeest prints', 80.52, 'false', 4);
insert into products (id, name, price, liked, id_shops) values (109, 'Set of 3 Apacals prints', 111.89, 'false', 9);
insert into products (id, name, price, liked, id_shops) values (110, 'Set of 3 Stanley crane prints', 123.95, 'false', 12);
insert into products (id, name, price, liked, id_shops) values (111, 'Set of 3 Otter prints', 78.78, 'false', 10);
insert into products (id, name, price, liked, id_shops) values (112, 'Set of 3 turle prints', 42.91, 'false', 4);
insert into products (id, name, price, liked, id_shops) values (113, 'Set of 3 Eagle, long-crested hawk prints', 148.38, 'false', 6);
insert into products (id, name, price, liked, id_shops) values (114, 'Set of 3 fox prints', 20.09, 'false', 9);
insert into products (id, name, price, liked, id_shops) values (115, 'Set of 3 shiba playing prints', 16.26, 'false', 4);
insert into products (id, name, price, liked, id_shops) values (116, 'Set of 3 White-browed owl prints', 46.59, 'false', 1);
insert into products (id, name, price, liked, id_shops) values (117, 'Set of 3 Common wolf prints', 66.00, 'false', 13);
insert into products (id, name, price, liked, id_shops) values (118, 'Set of 3 Long-tailed skua prints', 121.19, 'false', 14);
insert into products (id, name, price, liked, id_shops) values (119, 'Set of 3 Common zorro prints', 66.06, 'false', 7);
insert into products (id, name, price, liked, id_shops) values (120, 'Set of 3 Yellow-bellied marmot prints', 16.92, 'false', 9);
insert into products (id, name, price, liked, id_shops) values (121, 'Set of 3 Pied butcher bird prints', 16.11, 'false', 5);
insert into products (id, name, price, liked, id_shops) values (122, 'Set of 3 Fox prints', 39.09, 'false', 7);
insert into products (id, name, price, liked, id_shops) values (123, 'Set of 3 Bison prints', 108.56, 'false', 3);
insert into products (id, name, price, liked, id_shops) values (124, 'Set of 3 Yellow mongoose prints', 69.08, 'false', 6);
insert into products (id, name, price, liked, id_shops) values (125, 'Set of 3 Tortoise prints', 4.15, 'false', 2);
insert into products (id, name, price, liked, id_shops) values (126, 'King shiba wall artwork home decor', 142.90, 'false', 8);
insert into products (id, name, price, liked, id_shops) values (127, 'Arctic fox wall artwork home decor', 25.59, 'false', 2);
insert into products (id, name, price, liked, id_shops) values (128, 'Wildebeest, blue wall artwork home decor', 117.18, 'false', 4);
insert into products (id, name, price, liked, id_shops) values (129, 'Egyptian goose wall artwork home decor', 90.13, 'false', 3);
insert into products (id, name, price, liked, id_shops) values (130, 'Alcapas wall artwork home decor', 9.12, 'false', 14);
insert into products (id, name, price, liked, id_shops) values (131, 'Elephant, asian wall artwork home decor', 86.76, 'false', 11);
insert into products (id, name, price, liked, id_shops) values (132, 'Hoary marmot wall artwork home decor', 89.99, 'false', 4);
insert into products (id, name, price, liked, id_shops) values (133, 'Cats wall artwork home decor', 76.81, 'false', 9);
insert into products (id, name, price, liked, id_shops) values (134, 'Lava gull wall artwork home decor', 109.40, 'false', 4);
insert into products (id, name, price, liked, id_shops) values (135, 'Russian dragonfly wall artwork home decor', 13.67, 'false', 6);
insert into products (id, name, price, liked, id_shops) values (136, 'Turtle wall artwork home decor', 30.44, 'false', 4);
insert into products (id, name, price, liked, id_shops) values (137, 'Australian magpie wall artwork home decor', 55.68, 'false', 13);
insert into products (id, name, price, liked, id_shops) values (138, 'Eastern quoll wall artwork home decor', 77.25, 'false', 4);
insert into products (id, name, price, liked, id_shops) values (139, 'Jungle cat wall artwork home decor', 139.02, 'false', 9);
insert into products (id, name, price, liked, id_shops) values (140, 'Flicker, campo wall artwork home decor', 47.72, 'false', 9);
insert into products (id, name, price, liked, id_shops) values (141, 'Uinta ground squirrel wall artwork home decor', 97.75, 'false', 8);
insert into products (id, name, price, liked, id_shops) values (142, 'Salmon wall artwork home decor', 125.47, 'false', 15);
insert into products (id, name, price, liked, id_shops) values (143, 'Red-tailed hawk wall artwork home decor', 6.48, 'false', 2);
insert into products (id, name, price, liked, id_shops) values (144, 'Fox wall artwork home decor', 44.31, 'false', 8);
insert into products (id, name, price, liked, id_shops) values (145, 'Bird wall artwork home decor', 129.56, 'false', 14);
insert into products (id, name, price, liked, id_shops) values (146, 'Shiba playing wall artwork home decor', 69.65, 'false', 10);
insert into products (id, name, price, liked, id_shops) values (147, 'Puppies wall artwork home decor', 25.30, 'false', 15);
insert into products (id, name, price, liked, id_shops) values (148, 'King vulture wall artwork home decor', 107.77, 'false', 4);
insert into products (id, name, price, liked, id_shops) values (149, 'Vulture, king wall artwork home decor', 64.55, 'false', 13);
insert into products (id, name, price, liked, id_shops) values (150, 'Bird wall artwork home decor', 129.55, 'false', 4);


CREATE TABLE images (
  id int NOT NULL,
  id_product int,
  image_url varchar(100),
  PRIMARY KEY (ID)
);

insert into images (id, id_product, image_url) values (1, 1, 'https://s3-us-west-1.amazonaws.com/shopsproductsphotos/img1.jpg');
insert into images (id, id_product, image_url) values (2, 2, 'https://s3-us-west-1.amazonaws.com/shopsproductsphotos/img2.jpg');
insert into images (id, id_product, image_url) values (3, 3, 'https://s3-us-west-1.amazonaws.com/shopsproductsphotos/img3.jpg');
insert into images (id, id_product, image_url) values (4, 4, 'https://s3-us-west-1.amazonaws.com/shopsproductsphotos/img4.jpg');
insert into images (id, id_product, image_url) values (5, 5, 'https://s3-us-west-1.amazonaws.com/shopsproductsphotos/img5.jpg');
insert into images (id, id_product, image_url) values (6, 6, 'https://s3-us-west-1.amazonaws.com/shopsproductsphotos/img6.jpg');
insert into images (id, id_product, image_url) values (7, 7, 'https://s3-us-west-1.amazonaws.com/shopsproductsphotos/img7.jpg');
insert into images (id, id_product, image_url) values (8, 8, 'https://s3-us-west-1.amazonaws.com/shopsproductsphotos/img8.jpg');
insert into images (id, id_product, image_url) values (9, 9, 'https://s3-us-west-1.amazonaws.com/shopsproductsphotos/img9.jpg');
insert into images (id, id_product, image_url) values (10, 10, 'https://s3-us-west-1.amazonaws.com/shopsproductsphotos/img10.jpg');
insert into images (id, id_product, image_url) values (11, 11, 'https://s3-us-west-1.amazonaws.com/shopsproductsphotos/img11.jpg');
insert into images (id, id_product, image_url) values (12, 12, 'https://s3-us-west-1.amazonaws.com/shopsproductsphotos/img12.jpg');
insert into images (id, id_product, image_url) values (13, 13, 'https://s3-us-west-1.amazonaws.com/shopsproductsphotos/img13.jpg');
insert into images (id, id_product, image_url) values (14, 14, 'https://s3-us-west-1.amazonaws.com/shopsproductsphotos/img14.jpg');
insert into images (id, id_product, image_url) values (15, 15, 'https://s3-us-west-1.amazonaws.com/shopsproductsphotos/img15.jpg');
insert into images (id, id_product, image_url) values (16, 16, 'https://s3-us-west-1.amazonaws.com/shopsproductsphotos/img16.jpg');
insert into images (id, id_product, image_url) values (17, 17, 'https://s3-us-west-1.amazonaws.com/shopsproductsphotos/img17.jpg');
insert into images (id, id_product, image_url) values (18, 18, 'https://s3-us-west-1.amazonaws.com/shopsproductsphotos/img18.jpg');
insert into images (id, id_product, image_url) values (19, 19, 'https://s3-us-west-1.amazonaws.com/shopsproductsphotos/img19.jpg');
insert into images (id, id_product, image_url) values (20, 20, 'https://s3-us-west-1.amazonaws.com/shopsproductsphotos/img20.jpg');
insert into images (id, id_product, image_url) values (21, 21, 'https://s3-us-west-1.amazonaws.com/shopsproductsphotos/img21.jpg');
insert into images (id, id_product, image_url) values (22, 22, 'https://s3-us-west-1.amazonaws.com/shopsproductsphotos/img22.jpg');
insert into images (id, id_product, image_url) values (23, 23, 'https://s3-us-west-1.amazonaws.com/shopsproductsphotos/img23.jpg');
insert into images (id, id_product, image_url) values (24, 24, 'https://s3-us-west-1.amazonaws.com/shopsproductsphotos/img24.jpg');
insert into images (id, id_product, image_url) values (25, 25, 'https://s3-us-west-1.amazonaws.com/shopsproductsphotos/img25.jpg');
insert into images (id, id_product, image_url) values (26, 26, 'https://s3-us-west-1.amazonaws.com/shopsproductsphotos/img26.jpg');
insert into images (id, id_product, image_url) values (27, 27, 'https://s3-us-west-1.amazonaws.com/shopsproductsphotos/img27.jpg');
insert into images (id, id_product, image_url) values (28, 28, 'https://s3-us-west-1.amazonaws.com/shopsproductsphotos/img28.jpg');
insert into images (id, id_product, image_url) values (29, 29, 'https://s3-us-west-1.amazonaws.com/shopsproductsphotos/img29.jpg');
insert into images (id, id_product, image_url) values (30, 30, 'https://s3-us-west-1.amazonaws.com/shopsproductsphotos/img30.jpg');
insert into images (id, id_product, image_url) values (31, 31, 'https://s3-us-west-1.amazonaws.com/shopsproductsphotos/img31.jpg');
insert into images (id, id_product, image_url) values (32, 32, 'https://s3-us-west-1.amazonaws.com/shopsproductsphotos/img32.jpg');
insert into images (id, id_product, image_url) values (33, 33, 'https://s3-us-west-1.amazonaws.com/shopsproductsphotos/img33.jpg');
insert into images (id, id_product, image_url) values (34, 34, 'https://s3-us-west-1.amazonaws.com/shopsproductsphotos/img34.jpg');
insert into images (id, id_product, image_url) values (35, 35, 'https://s3-us-west-1.amazonaws.com/shopsproductsphotos/img35.jpg');
insert into images (id, id_product, image_url) values (36, 36, 'https://s3-us-west-1.amazonaws.com/shopsproductsphotos/img36.jpg');
insert into images (id, id_product, image_url) values (37, 37, 'https://s3-us-west-1.amazonaws.com/shopsproductsphotos/img37.jpg');
insert into images (id, id_product, image_url) values (38, 38, 'https://s3-us-west-1.amazonaws.com/shopsproductsphotos/img38.jpg');
insert into images (id, id_product, image_url) values (39, 39, 'https://s3-us-west-1.amazonaws.com/shopsproductsphotos/img39.jpg');
insert into images (id, id_product, image_url) values (40, 40, 'https://s3-us-west-1.amazonaws.com/shopsproductsphotos/img40.jpg');
insert into images (id, id_product, image_url) values (41, 41, 'https://s3-us-west-1.amazonaws.com/shopsproductsphotos/img41.jpg');
insert into images (id, id_product, image_url) values (42, 42, 'https://s3-us-west-1.amazonaws.com/shopsproductsphotos/img42.jpg');
insert into images (id, id_product, image_url) values (43, 43, 'https://s3-us-west-1.amazonaws.com/shopsproductsphotos/img43.jpg');
insert into images (id, id_product, image_url) values (44, 44, 'https://s3-us-west-1.amazonaws.com/shopsproductsphotos/img44.jpg');
insert into images (id, id_product, image_url) values (45, 45, 'https://s3-us-west-1.amazonaws.com/shopsproductsphotos/img45.jpg');
insert into images (id, id_product, image_url) values (46, 46, 'https://s3-us-west-1.amazonaws.com/shopsproductsphotos/img46.jpg');
insert into images (id, id_product, image_url) values (47, 47, 'https://s3-us-west-1.amazonaws.com/shopsproductsphotos/img47.jpg');
insert into images (id, id_product, image_url) values (48, 48, 'https://s3-us-west-1.amazonaws.com/shopsproductsphotos/img48.jpg');
insert into images (id, id_product, image_url) values (49, 49, 'https://s3-us-west-1.amazonaws.com/shopsproductsphotos/img49.jpg');
insert into images (id, id_product, image_url) values (50, 50, 'https://s3-us-west-1.amazonaws.com/shopsproductsphotos/img50.jpg');
insert into images (id, id_product, image_url) values (51, 51, 'https://s3-us-west-1.amazonaws.com/shopsproductsphotos/img51.jpg');
insert into images (id, id_product, image_url) values (52, 52, 'https://s3-us-west-1.amazonaws.com/shopsproductsphotos/img52.jpg');
insert into images (id, id_product, image_url) values (53, 53, 'https://s3-us-west-1.amazonaws.com/shopsproductsphotos/img53.jpg');
insert into images (id, id_product, image_url) values (54, 54, 'https://s3-us-west-1.amazonaws.com/shopsproductsphotos/img54.jpg');
insert into images (id, id_product, image_url) values (55, 55, 'https://s3-us-west-1.amazonaws.com/shopsproductsphotos/img55.jpg');
insert into images (id, id_product, image_url) values (56, 56, 'https://s3-us-west-1.amazonaws.com/shopsproductsphotos/img56.jpg');
insert into images (id, id_product, image_url) values (57, 57, 'https://s3-us-west-1.amazonaws.com/shopsproductsphotos/img57.jpg');
insert into images (id, id_product, image_url) values (58, 58, 'https://s3-us-west-1.amazonaws.com/shopsproductsphotos/img58.jpg');
insert into images (id, id_product, image_url) values (59, 59, 'https://s3-us-west-1.amazonaws.com/shopsproductsphotos/img59.jpg');
insert into images (id, id_product, image_url) values (60, 60, 'https://s3-us-west-1.amazonaws.com/shopsproductsphotos/img60.jpg');
insert into images (id, id_product, image_url) values (61, 61, 'https://s3-us-west-1.amazonaws.com/shopsproductsphotos/img61.jpg');
insert into images (id, id_product, image_url) values (62, 62, 'https://s3-us-west-1.amazonaws.com/shopsproductsphotos/img62.jpg');
insert into images (id, id_product, image_url) values (63, 63, 'https://s3-us-west-1.amazonaws.com/shopsproductsphotos/img63.jpg');
insert into images (id, id_product, image_url) values (64, 64, 'https://s3-us-west-1.amazonaws.com/shopsproductsphotos/img64.jpg');
insert into images (id, id_product, image_url) values (65, 65, 'https://s3-us-west-1.amazonaws.com/shopsproductsphotos/img65.jpg');
insert into images (id, id_product, image_url) values (66, 66, 'https://s3-us-west-1.amazonaws.com/shopsproductsphotos/img66.jpg');
insert into images (id, id_product, image_url) values (67, 67, 'https://s3-us-west-1.amazonaws.com/shopsproductsphotos/img67.jpg');
insert into images (id, id_product, image_url) values (68, 68, 'https://s3-us-west-1.amazonaws.com/shopsproductsphotos/img68.jpg');
insert into images (id, id_product, image_url) values (69, 69, 'https://s3-us-west-1.amazonaws.com/shopsproductsphotos/img69.jpg');
insert into images (id, id_product, image_url) values (70, 70, 'https://s3-us-west-1.amazonaws.com/shopsproductsphotos/img70.jpg');
insert into images (id, id_product, image_url) values (71, 71, 'https://s3-us-west-1.amazonaws.com/shopsproductsphotos/img71.jpg');
insert into images (id, id_product, image_url) values (72, 72, 'https://s3-us-west-1.amazonaws.com/shopsproductsphotos/img72.jpg');
insert into images (id, id_product, image_url) values (73, 73, 'https://s3-us-west-1.amazonaws.com/shopsproductsphotos/img73.jpg');
insert into images (id, id_product, image_url) values (74, 74, 'https://s3-us-west-1.amazonaws.com/shopsproductsphotos/img74.jpg');
insert into images (id, id_product, image_url) values (75, 75, 'https://s3-us-west-1.amazonaws.com/shopsproductsphotos/img75.jpg');
insert into images (id, id_product, image_url) values (76, 76, 'https://s3-us-west-1.amazonaws.com/shopsproductsphotos/img76.jpg');
insert into images (id, id_product, image_url) values (77, 77, 'https://s3-us-west-1.amazonaws.com/shopsproductsphotos/img77.jpg');
insert into images (id, id_product, image_url) values (78, 78, 'https://s3-us-west-1.amazonaws.com/shopsproductsphotos/img78.jpg');
insert into images (id, id_product, image_url) values (79, 79, 'https://s3-us-west-1.amazonaws.com/shopsproductsphotos/img79.jpg');
insert into images (id, id_product, image_url) values (80, 80, 'https://s3-us-west-1.amazonaws.com/shopsproductsphotos/img80.jpg');
insert into images (id, id_product, image_url) values (81, 81, 'https://s3-us-west-1.amazonaws.com/shopsproductsphotos/img81.jpg');
insert into images (id, id_product, image_url) values (82, 82, 'https://s3-us-west-1.amazonaws.com/shopsproductsphotos/img82.jpg');
insert into images (id, id_product, image_url) values (83, 83, 'https://s3-us-west-1.amazonaws.com/shopsproductsphotos/img83.jpg');
insert into images (id, id_product, image_url) values (84, 84, 'https://s3-us-west-1.amazonaws.com/shopsproductsphotos/img84.jpg');
insert into images (id, id_product, image_url) values (85, 85, 'https://s3-us-west-1.amazonaws.com/shopsproductsphotos/img85.jpg');
insert into images (id, id_product, image_url) values (86, 86, 'https://s3-us-west-1.amazonaws.com/shopsproductsphotos/img86.jpg');
insert into images (id, id_product, image_url) values (87, 87, 'https://s3-us-west-1.amazonaws.com/shopsproductsphotos/img87.jpg');
insert into images (id, id_product, image_url) values (88, 88, 'https://s3-us-west-1.amazonaws.com/shopsproductsphotos/img88.jpg');
insert into images (id, id_product, image_url) values (89, 89, 'https://s3-us-west-1.amazonaws.com/shopsproductsphotos/img89.jpg');
insert into images (id, id_product, image_url) values (90, 90, 'https://s3-us-west-1.amazonaws.com/shopsproductsphotos/img90.jpg');
insert into images (id, id_product, image_url) values (91, 91, 'https://s3-us-west-1.amazonaws.com/shopsproductsphotos/img91.jpg');
insert into images (id, id_product, image_url) values (92, 92, 'https://s3-us-west-1.amazonaws.com/shopsproductsphotos/img92.jpg');
insert into images (id, id_product, image_url) values (93, 93, 'https://s3-us-west-1.amazonaws.com/shopsproductsphotos/img93.jpg');
insert into images (id, id_product, image_url) values (94, 94, 'https://s3-us-west-1.amazonaws.com/shopsproductsphotos/img94.jpg');
insert into images (id, id_product, image_url) values (95, 95, 'https://s3-us-west-1.amazonaws.com/shopsproductsphotos/img95.jpg');
insert into images (id, id_product, image_url) values (96, 96, 'https://s3-us-west-1.amazonaws.com/shopsproductsphotos/img96.jpg');
insert into images (id, id_product, image_url) values (97, 97, 'https://s3-us-west-1.amazonaws.com/shopsproductsphotos/img97.jpg');
insert into images (id, id_product, image_url) values (98, 98, 'https://s3-us-west-1.amazonaws.com/shopsproductsphotos/img98.jpg');
insert into images (id, id_product, image_url) values (99, 99, 'https://s3-us-west-1.amazonaws.com/shopsproductsphotos/img99.jpg');
insert into images (id, id_product, image_url) values (100, 100, 'https://s3-us-west-1.amazonaws.com/shopsproductsphotos/img100.jpg');
insert into images (id, id_product, image_url) values (101, 101, 'https://s3-us-west-1.amazonaws.com/shopsproductsphotos/img101.jpg');
insert into images (id, id_product, image_url) values (102, 102, 'https://s3-us-west-1.amazonaws.com/shopsproductsphotos/img102.jpg');
insert into images (id, id_product, image_url) values (103, 103, 'https://s3-us-west-1.amazonaws.com/shopsproductsphotos/img103.jpg');
insert into images (id, id_product, image_url) values (104, 104, 'https://s3-us-west-1.amazonaws.com/shopsproductsphotos/img104.jpg');
insert into images (id, id_product, image_url) values (105, 105, 'https://s3-us-west-1.amazonaws.com/shopsproductsphotos/img105.jpg');
insert into images (id, id_product, image_url) values (106, 106, 'https://s3-us-west-1.amazonaws.com/shopsproductsphotos/img106.jpg');
insert into images (id, id_product, image_url) values (107, 107, 'https://s3-us-west-1.amazonaws.com/shopsproductsphotos/img107.jpg');
insert into images (id, id_product, image_url) values (108, 108, 'https://s3-us-west-1.amazonaws.com/shopsproductsphotos/img108.jpg');
insert into images (id, id_product, image_url) values (109, 109, 'https://s3-us-west-1.amazonaws.com/shopsproductsphotos/img109.jpg');
insert into images (id, id_product, image_url) values (110, 110, 'https://s3-us-west-1.amazonaws.com/shopsproductsphotos/img110.jpg');
insert into images (id, id_product, image_url) values (111, 111, 'https://s3-us-west-1.amazonaws.com/shopsproductsphotos/img111.jpg');
insert into images (id, id_product, image_url) values (112, 112, 'https://s3-us-west-1.amazonaws.com/shopsproductsphotos/img112.jpg');
insert into images (id, id_product, image_url) values (113, 113, 'https://s3-us-west-1.amazonaws.com/shopsproductsphotos/img113.jpg');
insert into images (id, id_product, image_url) values (114, 114, 'https://s3-us-west-1.amazonaws.com/shopsproductsphotos/img114.jpg');
insert into images (id, id_product, image_url) values (115, 115, 'https://s3-us-west-1.amazonaws.com/shopsproductsphotos/img115.jpg');
insert into images (id, id_product, image_url) values (116, 116, 'https://s3-us-west-1.amazonaws.com/shopsproductsphotos/img116.jpg');
insert into images (id, id_product, image_url) values (117, 117, 'https://s3-us-west-1.amazonaws.com/shopsproductsphotos/img117.jpg');
insert into images (id, id_product, image_url) values (118, 118, 'https://s3-us-west-1.amazonaws.com/shopsproductsphotos/img118.jpg');
insert into images (id, id_product, image_url) values (119, 119, 'https://s3-us-west-1.amazonaws.com/shopsproductsphotos/img119.jpg');
insert into images (id, id_product, image_url) values (120, 120, 'https://s3-us-west-1.amazonaws.com/shopsproductsphotos/img120.jpg');
insert into images (id, id_product, image_url) values (121, 121, 'https://s3-us-west-1.amazonaws.com/shopsproductsphotos/img121.jpg');
insert into images (id, id_product, image_url) values (122, 122, 'https://s3-us-west-1.amazonaws.com/shopsproductsphotos/img122.jpg');
insert into images (id, id_product, image_url) values (123, 123, 'https://s3-us-west-1.amazonaws.com/shopsproductsphotos/img123.jpg');
insert into images (id, id_product, image_url) values (124, 124, 'https://s3-us-west-1.amazonaws.com/shopsproductsphotos/img124.jpg');
insert into images (id, id_product, image_url) values (125, 125, 'https://s3-us-west-1.amazonaws.com/shopsproductsphotos/img125.jpg');
insert into images (id, id_product, image_url) values (126, 126, 'https://s3-us-west-1.amazonaws.com/shopsproductsphotos/img126.jpg');
insert into images (id, id_product, image_url) values (127, 127, 'https://s3-us-west-1.amazonaws.com/shopsproductsphotos/img127.jpg');
insert into images (id, id_product, image_url) values (128, 128, 'https://s3-us-west-1.amazonaws.com/shopsproductsphotos/img128.jpg');
insert into images (id, id_product, image_url) values (129, 129, 'https://s3-us-west-1.amazonaws.com/shopsproductsphotos/img129.jpg');
insert into images (id, id_product, image_url) values (130, 130, 'https://s3-us-west-1.amazonaws.com/shopsproductsphotos/img130.jpg');
insert into images (id, id_product, image_url) values (131, 131, 'https://s3-us-west-1.amazonaws.com/shopsproductsphotos/img131.jpg');
insert into images (id, id_product, image_url) values (132, 132, 'https://s3-us-west-1.amazonaws.com/shopsproductsphotos/img132.jpg');
insert into images (id, id_product, image_url) values (133, 133, 'https://s3-us-west-1.amazonaws.com/shopsproductsphotos/img133.jpg');
insert into images (id, id_product, image_url) values (134, 134, 'https://s3-us-west-1.amazonaws.com/shopsproductsphotos/img134.jpg');
insert into images (id, id_product, image_url) values (135, 135, 'https://s3-us-west-1.amazonaws.com/shopsproductsphotos/img135.jpg');
insert into images (id, id_product, image_url) values (136, 136, 'https://s3-us-west-1.amazonaws.com/shopsproductsphotos/img136.jpg');
insert into images (id, id_product, image_url) values (137, 137, 'https://s3-us-west-1.amazonaws.com/shopsproductsphotos/img137.jpg');
insert into images (id, id_product, image_url) values (138, 138, 'https://s3-us-west-1.amazonaws.com/shopsproductsphotos/img138.jpg');
insert into images (id, id_product, image_url) values (139, 139, 'https://s3-us-west-1.amazonaws.com/shopsproductsphotos/img139.jpg');
insert into images (id, id_product, image_url) values (140, 140, 'https://s3-us-west-1.amazonaws.com/shopsproductsphotos/img140.jpg');
insert into images (id, id_product, image_url) values (141, 141, 'https://s3-us-west-1.amazonaws.com/shopsproductsphotos/img141.jpg');
insert into images (id, id_product, image_url) values (142, 142, 'https://s3-us-west-1.amazonaws.com/shopsproductsphotos/img142.jpg');
insert into images (id, id_product, image_url) values (143, 143, 'https://s3-us-west-1.amazonaws.com/shopsproductsphotos/img143.jpg');
insert into images (id, id_product, image_url) values (144, 144, 'https://s3-us-west-1.amazonaws.com/shopsproductsphotos/img144.jpg');
insert into images (id, id_product, image_url) values (145, 145, 'https://s3-us-west-1.amazonaws.com/shopsproductsphotos/img145.jpg');
insert into images (id, id_product, image_url) values (146, 146, 'https://s3-us-west-1.amazonaws.com/shopsproductsphotos/img146.jpg');
insert into images (id, id_product, image_url) values (147, 147, 'https://s3-us-west-1.amazonaws.com/shopsproductsphotos/img147.jpg');
insert into images (id, id_product, image_url) values (148, 148, 'https://s3-us-west-1.amazonaws.com/shopsproductsphotos/img148.jpg');
insert into images (id, id_product, image_url) values (149, 149, 'https://s3-us-west-1.amazonaws.com/shopsproductsphotos/img149.jpg');
insert into images (id, id_product, image_url) values (150, 150, 'https://s3-us-west-1.amazonaws.com/shopsproductsphotos/img150.jpg');
insert into images (id, id_product, image_url) values (151, 1, 'https://s3-us-west-1.amazonaws.com/shopsproductsphotos/img10.jpg');
insert into images (id, id_product, image_url) values (152, 2, 'https://s3-us-west-1.amazonaws.com/shopsproductsphotos/img123.jpg');
insert into images (id, id_product, image_url) values (153, 3, 'https://s3-us-west-1.amazonaws.com/shopsproductsphotos/img9.jpg');
insert into images (id, id_product, image_url) values (154, 4, 'https://s3-us-west-1.amazonaws.com/shopsproductsphotos/img154.jpg');
insert into images (id, id_product, image_url) values (155, 5, 'https://s3-us-west-1.amazonaws.com/shopsproductsphotos/img99.jpg');
insert into images (id, id_product, image_url) values (156, 6, 'https://s3-us-west-1.amazonaws.com/shopsproductsphotos/img66.jpg');
insert into images (id, id_product, image_url) values (157, 7, 'https://s3-us-west-1.amazonaws.com/shopsproductsphotos/img84.jpg');
insert into images (id, id_product, image_url) values (158, 8, 'https://s3-us-west-1.amazonaws.com/shopsproductsphotos/img62.jpg');
insert into images (id, id_product, image_url) values (159, 9, 'https://s3-us-west-1.amazonaws.com/shopsproductsphotos/img4.jpg');
insert into images (id, id_product, image_url) values (160, 10, 'https://s3-us-west-1.amazonaws.com/shopsproductsphotos/img164.jpg');
insert into images (id, id_product, image_url) values (161, 11, 'https://s3-us-west-1.amazonaws.com/shopsproductsphotos/img43.jpg');
insert into images (id, id_product, image_url) values (162, 12, 'https://s3-us-west-1.amazonaws.com/shopsproductsphotos/img155.jpg');
insert into images (id, id_product, image_url) values (163, 13, 'https://s3-us-west-1.amazonaws.com/shopsproductsphotos/img106.jpg');
insert into images (id, id_product, image_url) values (164, 14, 'https://s3-us-west-1.amazonaws.com/shopsproductsphotos/img63.jpg');
insert into images (id, id_product, image_url) values (165, 15, 'https://s3-us-west-1.amazonaws.com/shopsproductsphotos/img102.jpg');
insert into images (id, id_product, image_url) values (166, 16, 'https://s3-us-west-1.amazonaws.com/shopsproductsphotos/img146.jpg');
insert into images (id, id_product, image_url) values (167, 17, 'https://s3-us-west-1.amazonaws.com/shopsproductsphotos/img51.jpg');
insert into images (id, id_product, image_url) values (168, 18, 'https://s3-us-west-1.amazonaws.com/shopsproductsphotos/img101.jpg');
insert into images (id, id_product, image_url) values (169, 19, 'https://s3-us-west-1.amazonaws.com/shopsproductsphotos/img142.jpg');
insert into images (id, id_product, image_url) values (170, 20, 'https://s3-us-west-1.amazonaws.com/shopsproductsphotos/img117.jpg');
insert into images (id, id_product, image_url) values (171, 21, 'https://s3-us-west-1.amazonaws.com/shopsproductsphotos/img134.jpg');
insert into images (id, id_product, image_url) values (172, 22, 'https://s3-us-west-1.amazonaws.com/shopsproductsphotos/img125.jpg');
insert into images (id, id_product, image_url) values (173, 23, 'https://s3-us-west-1.amazonaws.com/shopsproductsphotos/img159.jpg');
insert into images (id, id_product, image_url) values (174, 24, 'https://s3-us-west-1.amazonaws.com/shopsproductsphotos/img81.jpg');
insert into images (id, id_product, image_url) values (175, 25, 'https://s3-us-west-1.amazonaws.com/shopsproductsphotos/img44.jpg');
insert into images (id, id_product, image_url) values (176, 26, 'https://s3-us-west-1.amazonaws.com/shopsproductsphotos/img28.jpg');
insert into images (id, id_product, image_url) values (177, 27, 'https://s3-us-west-1.amazonaws.com/shopsproductsphotos/img106.jpg');
insert into images (id, id_product, image_url) values (178, 28, 'https://s3-us-west-1.amazonaws.com/shopsproductsphotos/img145.jpg');
insert into images (id, id_product, image_url) values (179, 29, 'https://s3-us-west-1.amazonaws.com/shopsproductsphotos/img39.jpg');
insert into images (id, id_product, image_url) values (180, 30, 'https://s3-us-west-1.amazonaws.com/shopsproductsphotos/img21.jpg');
insert into images (id, id_product, image_url) values (181, 31, 'https://s3-us-west-1.amazonaws.com/shopsproductsphotos/img46.jpg');
insert into images (id, id_product, image_url) values (182, 32, 'https://s3-us-west-1.amazonaws.com/shopsproductsphotos/img134.jpg');
insert into images (id, id_product, image_url) values (183, 33, 'https://s3-us-west-1.amazonaws.com/shopsproductsphotos/img158.jpg');
insert into images (id, id_product, image_url) values (184, 34, 'https://s3-us-west-1.amazonaws.com/shopsproductsphotos/img127.jpg');
insert into images (id, id_product, image_url) values (185, 35, 'https://s3-us-west-1.amazonaws.com/shopsproductsphotos/img149.jpg');
insert into images (id, id_product, image_url) values (186, 36, 'https://s3-us-west-1.amazonaws.com/shopsproductsphotos/img144.jpg');
insert into images (id, id_product, image_url) values (187, 37, 'https://s3-us-west-1.amazonaws.com/shopsproductsphotos/img128.jpg');
insert into images (id, id_product, image_url) values (188, 38, 'https://s3-us-west-1.amazonaws.com/shopsproductsphotos/img162.jpg');
insert into images (id, id_product, image_url) values (189, 39, 'https://s3-us-west-1.amazonaws.com/shopsproductsphotos/img67.jpg');
insert into images (id, id_product, image_url) values (190, 40, 'https://s3-us-west-1.amazonaws.com/shopsproductsphotos/img122.jpg');
insert into images (id, id_product, image_url) values (191, 41, 'https://s3-us-west-1.amazonaws.com/shopsproductsphotos/img111.jpg');
insert into images (id, id_product, image_url) values (192, 42, 'https://s3-us-west-1.amazonaws.com/shopsproductsphotos/img10.jpg');
insert into images (id, id_product, image_url) values (193, 43, 'https://s3-us-west-1.amazonaws.com/shopsproductsphotos/img35.jpg');
insert into images (id, id_product, image_url) values (194, 44, 'https://s3-us-west-1.amazonaws.com/shopsproductsphotos/img29.jpg');
insert into images (id, id_product, image_url) values (195, 45, 'https://s3-us-west-1.amazonaws.com/shopsproductsphotos/img20.jpg');
insert into images (id, id_product, image_url) values (196, 46, 'https://s3-us-west-1.amazonaws.com/shopsproductsphotos/img35.jpg');
insert into images (id, id_product, image_url) values (197, 47, 'https://s3-us-west-1.amazonaws.com/shopsproductsphotos/img165.jpg');
insert into images (id, id_product, image_url) values (198, 48, 'https://s3-us-west-1.amazonaws.com/shopsproductsphotos/img66.jpg');
insert into images (id, id_product, image_url) values (199, 49, 'https://s3-us-west-1.amazonaws.com/shopsproductsphotos/img128.jpg');
insert into images (id, id_product, image_url) values (200, 50, 'https://s3-us-west-1.amazonaws.com/shopsproductsphotos/img94.jpg');
insert into images (id, id_product, image_url) values (201, 51, 'https://s3-us-west-1.amazonaws.com/shopsproductsphotos/img65.jpg');
insert into images (id, id_product, image_url) values (202, 52, 'https://s3-us-west-1.amazonaws.com/shopsproductsphotos/img4.jpg');
insert into images (id, id_product, image_url) values (203, 53, 'https://s3-us-west-1.amazonaws.com/shopsproductsphotos/img22.jpg');
insert into images (id, id_product, image_url) values (204, 54, 'https://s3-us-west-1.amazonaws.com/shopsproductsphotos/img83.jpg');
insert into images (id, id_product, image_url) values (205, 55, 'https://s3-us-west-1.amazonaws.com/shopsproductsphotos/img102.jpg');
insert into images (id, id_product, image_url) values (206, 56, 'https://s3-us-west-1.amazonaws.com/shopsproductsphotos/img159.jpg');
insert into images (id, id_product, image_url) values (207, 57, 'https://s3-us-west-1.amazonaws.com/shopsproductsphotos/img13.jpg');
insert into images (id, id_product, image_url) values (208, 58, 'https://s3-us-west-1.amazonaws.com/shopsproductsphotos/img42.jpg');
insert into images (id, id_product, image_url) values (209, 59, 'https://s3-us-west-1.amazonaws.com/shopsproductsphotos/img39.jpg');
insert into images (id, id_product, image_url) values (210, 60, 'https://s3-us-west-1.amazonaws.com/shopsproductsphotos/img41.jpg');
insert into images (id, id_product, image_url) values (211, 61, 'https://s3-us-west-1.amazonaws.com/shopsproductsphotos/img96.jpg');
insert into images (id, id_product, image_url) values (212, 62, 'https://s3-us-west-1.amazonaws.com/shopsproductsphotos/img161.jpg');
insert into images (id, id_product, image_url) values (213, 63, 'https://s3-us-west-1.amazonaws.com/shopsproductsphotos/img47.jpg');
insert into images (id, id_product, image_url) values (214, 64, 'https://s3-us-west-1.amazonaws.com/shopsproductsphotos/img101.jpg');
insert into images (id, id_product, image_url) values (215, 65, 'https://s3-us-west-1.amazonaws.com/shopsproductsphotos/img64.jpg');
insert into images (id, id_product, image_url) values (216, 66, 'https://s3-us-west-1.amazonaws.com/shopsproductsphotos/img152.jpg');
insert into images (id, id_product, image_url) values (217, 67, 'https://s3-us-west-1.amazonaws.com/shopsproductsphotos/img156.jpg');
insert into images (id, id_product, image_url) values (218, 68, 'https://s3-us-west-1.amazonaws.com/shopsproductsphotos/img165.jpg');
insert into images (id, id_product, image_url) values (219, 69, 'https://s3-us-west-1.amazonaws.com/shopsproductsphotos/img148.jpg');
insert into images (id, id_product, image_url) values (220, 70, 'https://s3-us-west-1.amazonaws.com/shopsproductsphotos/img154.jpg');
insert into images (id, id_product, image_url) values (221, 71, 'https://s3-us-west-1.amazonaws.com/shopsproductsphotos/img129.jpg');
insert into images (id, id_product, image_url) values (222, 72, 'https://s3-us-west-1.amazonaws.com/shopsproductsphotos/img28.jpg');
insert into images (id, id_product, image_url) values (223, 73, 'https://s3-us-west-1.amazonaws.com/shopsproductsphotos/img61.jpg');
insert into images (id, id_product, image_url) values (224, 74, 'https://s3-us-west-1.amazonaws.com/shopsproductsphotos/img76.jpg');
insert into images (id, id_product, image_url) values (225, 75, 'https://s3-us-west-1.amazonaws.com/shopsproductsphotos/img87.jpg');
insert into images (id, id_product, image_url) values (226, 76, 'https://s3-us-west-1.amazonaws.com/shopsproductsphotos/img115.jpg');
insert into images (id, id_product, image_url) values (227, 77, 'https://s3-us-west-1.amazonaws.com/shopsproductsphotos/img62.jpg');
insert into images (id, id_product, image_url) values (228, 78, 'https://s3-us-west-1.amazonaws.com/shopsproductsphotos/img84.jpg');
insert into images (id, id_product, image_url) values (229, 79, 'https://s3-us-west-1.amazonaws.com/shopsproductsphotos/img84.jpg');
insert into images (id, id_product, image_url) values (230, 80, 'https://s3-us-west-1.amazonaws.com/shopsproductsphotos/img96.jpg');
insert into images (id, id_product, image_url) values (231, 81, 'https://s3-us-west-1.amazonaws.com/shopsproductsphotos/img144.jpg');
insert into images (id, id_product, image_url) values (232, 82, 'https://s3-us-west-1.amazonaws.com/shopsproductsphotos/img79.jpg');
insert into images (id, id_product, image_url) values (233, 83, 'https://s3-us-west-1.amazonaws.com/shopsproductsphotos/img87.jpg');
insert into images (id, id_product, image_url) values (234, 84, 'https://s3-us-west-1.amazonaws.com/shopsproductsphotos/img62.jpg');
insert into images (id, id_product, image_url) values (235, 85, 'https://s3-us-west-1.amazonaws.com/shopsproductsphotos/img150.jpg');
insert into images (id, id_product, image_url) values (236, 86, 'https://s3-us-west-1.amazonaws.com/shopsproductsphotos/img148.jpg');
insert into images (id, id_product, image_url) values (237, 87, 'https://s3-us-west-1.amazonaws.com/shopsproductsphotos/img94.jpg');
insert into images (id, id_product, image_url) values (238, 88, 'https://s3-us-west-1.amazonaws.com/shopsproductsphotos/img146.jpg');
insert into images (id, id_product, image_url) values (239, 89, 'https://s3-us-west-1.amazonaws.com/shopsproductsphotos/img53.jpg');
insert into images (id, id_product, image_url) values (240, 90, 'https://s3-us-west-1.amazonaws.com/shopsproductsphotos/img117.jpg');
insert into images (id, id_product, image_url) values (241, 91, 'https://s3-us-west-1.amazonaws.com/shopsproductsphotos/img58.jpg');
insert into images (id, id_product, image_url) values (242, 92, 'https://s3-us-west-1.amazonaws.com/shopsproductsphotos/img49.jpg');
insert into images (id, id_product, image_url) values (243, 93, 'https://s3-us-west-1.amazonaws.com/shopsproductsphotos/img148.jpg');
insert into images (id, id_product, image_url) values (244, 94, 'https://s3-us-west-1.amazonaws.com/shopsproductsphotos/img13.jpg');
insert into images (id, id_product, image_url) values (245, 95, 'https://s3-us-west-1.amazonaws.com/shopsproductsphotos/img143.jpg');
insert into images (id, id_product, image_url) values (246, 96, 'https://s3-us-west-1.amazonaws.com/shopsproductsphotos/img36.jpg');
insert into images (id, id_product, image_url) values (247, 97, 'https://s3-us-west-1.amazonaws.com/shopsproductsphotos/img34.jpg');
insert into images (id, id_product, image_url) values (248, 98, 'https://s3-us-west-1.amazonaws.com/shopsproductsphotos/img52.jpg');
insert into images (id, id_product, image_url) values (249, 99, 'https://s3-us-west-1.amazonaws.com/shopsproductsphotos/img135.jpg');
insert into images (id, id_product, image_url) values (250, 100, 'https://s3-us-west-1.amazonaws.com/shopsproductsphotos/img157.jpg');
insert into images (id, id_product, image_url) values (251, 101, 'https://s3-us-west-1.amazonaws.com/shopsproductsphotos/img80.jpg');
insert into images (id, id_product, image_url) values (252, 102, 'https://s3-us-west-1.amazonaws.com/shopsproductsphotos/img147.jpg');
insert into images (id, id_product, image_url) values (253, 103, 'https://s3-us-west-1.amazonaws.com/shopsproductsphotos/img117.jpg');
insert into images (id, id_product, image_url) values (254, 104, 'https://s3-us-west-1.amazonaws.com/shopsproductsphotos/img140.jpg');
insert into images (id, id_product, image_url) values (255, 105, 'https://s3-us-west-1.amazonaws.com/shopsproductsphotos/img150.jpg');
insert into images (id, id_product, image_url) values (256, 106, 'https://s3-us-west-1.amazonaws.com/shopsproductsphotos/img103.jpg');
insert into images (id, id_product, image_url) values (257, 107, 'https://s3-us-west-1.amazonaws.com/shopsproductsphotos/img160.jpg');
insert into images (id, id_product, image_url) values (258, 108, 'https://s3-us-west-1.amazonaws.com/shopsproductsphotos/img136.jpg');
insert into images (id, id_product, image_url) values (259, 109, 'https://s3-us-west-1.amazonaws.com/shopsproductsphotos/img77.jpg');
insert into images (id, id_product, image_url) values (260, 110, 'https://s3-us-west-1.amazonaws.com/shopsproductsphotos/img13.jpg');
insert into images (id, id_product, image_url) values (261, 111, 'https://s3-us-west-1.amazonaws.com/shopsproductsphotos/img92.jpg');
insert into images (id, id_product, image_url) values (262, 112, 'https://s3-us-west-1.amazonaws.com/shopsproductsphotos/img155.jpg');
insert into images (id, id_product, image_url) values (263, 113, 'https://s3-us-west-1.amazonaws.com/shopsproductsphotos/img38.jpg');
insert into images (id, id_product, image_url) values (264, 114, 'https://s3-us-west-1.amazonaws.com/shopsproductsphotos/img113.jpg');
insert into images (id, id_product, image_url) values (265, 115, 'https://s3-us-west-1.amazonaws.com/shopsproductsphotos/img119.jpg');
insert into images (id, id_product, image_url) values (266, 116, 'https://s3-us-west-1.amazonaws.com/shopsproductsphotos/img103.jpg');
insert into images (id, id_product, image_url) values (267, 117, 'https://s3-us-west-1.amazonaws.com/shopsproductsphotos/img32.jpg');
insert into images (id, id_product, image_url) values (268, 118, 'https://s3-us-west-1.amazonaws.com/shopsproductsphotos/img31.jpg');
insert into images (id, id_product, image_url) values (269, 119, 'https://s3-us-west-1.amazonaws.com/shopsproductsphotos/img102.jpg');
insert into images (id, id_product, image_url) values (270, 120, 'https://s3-us-west-1.amazonaws.com/shopsproductsphotos/img141.jpg');
insert into images (id, id_product, image_url) values (271, 121, 'https://s3-us-west-1.amazonaws.com/shopsproductsphotos/img33.jpg');
insert into images (id, id_product, image_url) values (272, 122, 'https://s3-us-west-1.amazonaws.com/shopsproductsphotos/img23.jpg');
insert into images (id, id_product, image_url) values (273, 123, 'https://s3-us-west-1.amazonaws.com/shopsproductsphotos/img63.jpg');
insert into images (id, id_product, image_url) values (274, 124, 'https://s3-us-west-1.amazonaws.com/shopsproductsphotos/img92.jpg');
insert into images (id, id_product, image_url) values (275, 125, 'https://s3-us-west-1.amazonaws.com/shopsproductsphotos/img79.jpg');
insert into images (id, id_product, image_url) values (276, 126, 'https://s3-us-west-1.amazonaws.com/shopsproductsphotos/img117.jpg');
insert into images (id, id_product, image_url) values (277, 127, 'https://s3-us-west-1.amazonaws.com/shopsproductsphotos/img102.jpg');
insert into images (id, id_product, image_url) values (278, 128, 'https://s3-us-west-1.amazonaws.com/shopsproductsphotos/img138.jpg');
insert into images (id, id_product, image_url) values (279, 129, 'https://s3-us-west-1.amazonaws.com/shopsproductsphotos/img146.jpg');
insert into images (id, id_product, image_url) values (280, 130, 'https://s3-us-west-1.amazonaws.com/shopsproductsphotos/img143.jpg');
insert into images (id, id_product, image_url) values (281, 131, 'https://s3-us-west-1.amazonaws.com/shopsproductsphotos/img92.jpg');
insert into images (id, id_product, image_url) values (282, 132, 'https://s3-us-west-1.amazonaws.com/shopsproductsphotos/img23.jpg');
insert into images (id, id_product, image_url) values (283, 133, 'https://s3-us-west-1.amazonaws.com/shopsproductsphotos/img39.jpg');
insert into images (id, id_product, image_url) values (284, 134, 'https://s3-us-west-1.amazonaws.com/shopsproductsphotos/img144.jpg');
insert into images (id, id_product, image_url) values (285, 135, 'https://s3-us-west-1.amazonaws.com/shopsproductsphotos/img101.jpg');
insert into images (id, id_product, image_url) values (286, 136, 'https://s3-us-west-1.amazonaws.com/shopsproductsphotos/img30.jpg');
insert into images (id, id_product, image_url) values (287, 137, 'https://s3-us-west-1.amazonaws.com/shopsproductsphotos/img110.jpg');
insert into images (id, id_product, image_url) values (288, 138, 'https://s3-us-west-1.amazonaws.com/shopsproductsphotos/img32.jpg');
insert into images (id, id_product, image_url) values (289, 139, 'https://s3-us-west-1.amazonaws.com/shopsproductsphotos/img1.jpg');
insert into images (id, id_product, image_url) values (290, 140, 'https://s3-us-west-1.amazonaws.com/shopsproductsphotos/img132.jpg');
insert into images (id, id_product, image_url) values (291, 141, 'https://s3-us-west-1.amazonaws.com/shopsproductsphotos/img134.jpg');
insert into images (id, id_product, image_url) values (292, 142, 'https://s3-us-west-1.amazonaws.com/shopsproductsphotos/img161.jpg');
insert into images (id, id_product, image_url) values (293, 143, 'https://s3-us-west-1.amazonaws.com/shopsproductsphotos/img126.jpg');
insert into images (id, id_product, image_url) values (294, 144, 'https://s3-us-west-1.amazonaws.com/shopsproductsphotos/img20.jpg');
insert into images (id, id_product, image_url) values (295, 145, 'https://s3-us-west-1.amazonaws.com/shopsproductsphotos/img21.jpg');
insert into images (id, id_product, image_url) values (296, 146, 'https://s3-us-west-1.amazonaws.com/shopsproductsphotos/img79.jpg');
insert into images (id, id_product, image_url) values (297, 147, 'https://s3-us-west-1.amazonaws.com/shopsproductsphotos/img58.jpg');
insert into images (id, id_product, image_url) values (298, 148, 'https://s3-us-west-1.amazonaws.com/shopsproductsphotos/img6.jpg');
insert into images (id, id_product, image_url) values (299, 149, 'https://s3-us-west-1.amazonaws.com/shopsproductsphotos/img80.jpg');
insert into images (id, id_product, image_url) values (300, 150, 'https://s3-us-west-1.amazonaws.com/shopsproductsphotos/img49.jpg');
insert into images (id, id_product, image_url) values (301, 22, 'https://s3-us-west-1.amazonaws.com/shopsproductsphotos/img12.jpg');
insert into images (id, id_product, image_url) values (302, 38, 'https://s3-us-west-1.amazonaws.com/shopsproductsphotos/img137.jpg');
insert into images (id, id_product, image_url) values (303, 124, 'https://s3-us-west-1.amazonaws.com/shopsproductsphotos/img81.jpg');
insert into images (id, id_product, image_url) values (304, 28, 'https://s3-us-west-1.amazonaws.com/shopsproductsphotos/img116.jpg');
insert into images (id, id_product, image_url) values (305, 49, 'https://s3-us-west-1.amazonaws.com/shopsproductsphotos/img94.jpg');
insert into images (id, id_product, image_url) values (306, 108, 'https://s3-us-west-1.amazonaws.com/shopsproductsphotos/img92.jpg');
insert into images (id, id_product, image_url) values (307, 114, 'https://s3-us-west-1.amazonaws.com/shopsproductsphotos/img154.jpg');
insert into images (id, id_product, image_url) values (308, 71, 'https://s3-us-west-1.amazonaws.com/shopsproductsphotos/img18.jpg');
insert into images (id, id_product, image_url) values (309, 57, 'https://s3-us-west-1.amazonaws.com/shopsproductsphotos/img46.jpg');
insert into images (id, id_product, image_url) values (310, 139, 'https://s3-us-west-1.amazonaws.com/shopsproductsphotos/img158.jpg');
insert into images (id, id_product, image_url) values (311, 96, 'https://s3-us-west-1.amazonaws.com/shopsproductsphotos/img55.jpg');
insert into images (id, id_product, image_url) values (312, 150, 'https://s3-us-west-1.amazonaws.com/shopsproductsphotos/img22.jpg');
insert into images (id, id_product, image_url) values (313, 102, 'https://s3-us-west-1.amazonaws.com/shopsproductsphotos/img145.jpg');
insert into images (id, id_product, image_url) values (314, 121, 'https://s3-us-west-1.amazonaws.com/shopsproductsphotos/img75.jpg');
insert into images (id, id_product, image_url) values (315, 51, 'https://s3-us-west-1.amazonaws.com/shopsproductsphotos/img5.jpg');
insert into images (id, id_product, image_url) values (316, 134, 'https://s3-us-west-1.amazonaws.com/shopsproductsphotos/img31.jpg');
insert into images (id, id_product, image_url) values (317, 77, 'https://s3-us-west-1.amazonaws.com/shopsproductsphotos/img14.jpg');
insert into images (id, id_product, image_url) values (318, 132, 'https://s3-us-west-1.amazonaws.com/shopsproductsphotos/img15.jpg');
insert into images (id, id_product, image_url) values (319, 3, 'https://s3-us-west-1.amazonaws.com/shopsproductsphotos/img62.jpg');
insert into images (id, id_product, image_url) values (320, 128, 'https://s3-us-west-1.amazonaws.com/shopsproductsphotos/img33.jpg');
insert into images (id, id_product, image_url) values (321, 78, 'https://s3-us-west-1.amazonaws.com/shopsproductsphotos/img138.jpg');
insert into images (id, id_product, image_url) values (322, 46, 'https://s3-us-west-1.amazonaws.com/shopsproductsphotos/img35.jpg');
insert into images (id, id_product, image_url) values (323, 118, 'https://s3-us-west-1.amazonaws.com/shopsproductsphotos/img48.jpg');
insert into images (id, id_product, image_url) values (324, 6, 'https://s3-us-west-1.amazonaws.com/shopsproductsphotos/img89.jpg');
insert into images (id, id_product, image_url) values (325, 81, 'https://s3-us-west-1.amazonaws.com/shopsproductsphotos/img65.jpg');
insert into images (id, id_product, image_url) values (326, 96, 'https://s3-us-west-1.amazonaws.com/shopsproductsphotos/img76.jpg');
insert into images (id, id_product, image_url) values (327, 136, 'https://s3-us-west-1.amazonaws.com/shopsproductsphotos/img94.jpg');
insert into images (id, id_product, image_url) values (328, 99, 'https://s3-us-west-1.amazonaws.com/shopsproductsphotos/img136.jpg');
insert into images (id, id_product, image_url) values (329, 98, 'https://s3-us-west-1.amazonaws.com/shopsproductsphotos/img126.jpg');
insert into images (id, id_product, image_url) values (330, 92, 'https://s3-us-west-1.amazonaws.com/shopsproductsphotos/img65.jpg');
insert into images (id, id_product, image_url) values (331, 75, 'https://s3-us-west-1.amazonaws.com/shopsproductsphotos/img96.jpg');
insert into images (id, id_product, image_url) values (332, 25, 'https://s3-us-west-1.amazonaws.com/shopsproductsphotos/img73.jpg');
insert into images (id, id_product, image_url) values (333, 4, 'https://s3-us-west-1.amazonaws.com/shopsproductsphotos/img79.jpg');
insert into images (id, id_product, image_url) values (334, 52, 'https://s3-us-west-1.amazonaws.com/shopsproductsphotos/img18.jpg');
insert into images (id, id_product, image_url) values (335, 85, 'https://s3-us-west-1.amazonaws.com/shopsproductsphotos/img121.jpg');
insert into images (id, id_product, image_url) values (336, 28, 'https://s3-us-west-1.amazonaws.com/shopsproductsphotos/img91.jpg');
insert into images (id, id_product, image_url) values (337, 70, 'https://s3-us-west-1.amazonaws.com/shopsproductsphotos/img78.jpg');
insert into images (id, id_product, image_url) values (338, 119, 'https://s3-us-west-1.amazonaws.com/shopsproductsphotos/img8.jpg');
insert into images (id, id_product, image_url) values (339, 128, 'https://s3-us-west-1.amazonaws.com/shopsproductsphotos/img64.jpg');
insert into images (id, id_product, image_url) values (340, 51, 'https://s3-us-west-1.amazonaws.com/shopsproductsphotos/img67.jpg');
insert into images (id, id_product, image_url) values (341, 78, 'https://s3-us-west-1.amazonaws.com/shopsproductsphotos/img166.jpg');
insert into images (id, id_product, image_url) values (342, 38, 'https://s3-us-west-1.amazonaws.com/shopsproductsphotos/img148.jpg');
insert into images (id, id_product, image_url) values (343, 67, 'https://s3-us-west-1.amazonaws.com/shopsproductsphotos/img99.jpg');
insert into images (id, id_product, image_url) values (344, 13, 'https://s3-us-west-1.amazonaws.com/shopsproductsphotos/img110.jpg');
insert into images (id, id_product, image_url) values (345, 121, 'https://s3-us-west-1.amazonaws.com/shopsproductsphotos/img165.jpg');
insert into images (id, id_product, image_url) values (346, 146, 'https://s3-us-west-1.amazonaws.com/shopsproductsphotos/img138.jpg');
insert into images (id, id_product, image_url) values (347, 5, 'https://s3-us-west-1.amazonaws.com/shopsproductsphotos/img134.jpg');
insert into images (id, id_product, image_url) values (348, 147, 'https://s3-us-west-1.amazonaws.com/shopsproductsphotos/img112.jpg');
insert into images (id, id_product, image_url) values (349, 8, 'https://s3-us-west-1.amazonaws.com/shopsproductsphotos/img91.jpg');
insert into images (id, id_product, image_url) values (350, 108, 'https://s3-us-west-1.amazonaws.com/shopsproductsphotos/img139.jpg');
insert into images (id, id_product, image_url) values (351, 5, 'https://s3-us-west-1.amazonaws.com/shopsproductsphotos/img108.jpg');
insert into images (id, id_product, image_url) values (352, 142, 'https://s3-us-west-1.amazonaws.com/shopsproductsphotos/img63.jpg');
insert into images (id, id_product, image_url) values (353, 113, 'https://s3-us-west-1.amazonaws.com/shopsproductsphotos/img122.jpg');
insert into images (id, id_product, image_url) values (354, 139, 'https://s3-us-west-1.amazonaws.com/shopsproductsphotos/img144.jpg');
insert into images (id, id_product, image_url) values (355, 134, 'https://s3-us-west-1.amazonaws.com/shopsproductsphotos/img59.jpg');
insert into images (id, id_product, image_url) values (356, 43, 'https://s3-us-west-1.amazonaws.com/shopsproductsphotos/img87.jpg');
insert into images (id, id_product, image_url) values (357, 72, 'https://s3-us-west-1.amazonaws.com/shopsproductsphotos/img3.jpg');
insert into images (id, id_product, image_url) values (358, 72, 'https://s3-us-west-1.amazonaws.com/shopsproductsphotos/img108.jpg');
insert into images (id, id_product, image_url) values (359, 141, 'https://s3-us-west-1.amazonaws.com/shopsproductsphotos/img40.jpg');
insert into images (id, id_product, image_url) values (360, 93, 'https://s3-us-west-1.amazonaws.com/shopsproductsphotos/img161.jpg');
insert into images (id, id_product, image_url) values (361, 2, 'https://s3-us-west-1.amazonaws.com/shopsproductsphotos/img41.jpg');
insert into images (id, id_product, image_url) values (362, 80, 'https://s3-us-west-1.amazonaws.com/shopsproductsphotos/img95.jpg');
insert into images (id, id_product, image_url) values (363, 92, 'https://s3-us-west-1.amazonaws.com/shopsproductsphotos/img58.jpg');
insert into images (id, id_product, image_url) values (364, 98, 'https://s3-us-west-1.amazonaws.com/shopsproductsphotos/img41.jpg');
insert into images (id, id_product, image_url) values (365, 109, 'https://s3-us-west-1.amazonaws.com/shopsproductsphotos/img42.jpg');
insert into images (id, id_product, image_url) values (366, 14, 'https://s3-us-west-1.amazonaws.com/shopsproductsphotos/img76.jpg');
insert into images (id, id_product, image_url) values (367, 37, 'https://s3-us-west-1.amazonaws.com/shopsproductsphotos/img51.jpg');
insert into images (id, id_product, image_url) values (368, 71, 'https://s3-us-west-1.amazonaws.com/shopsproductsphotos/img112.jpg');
insert into images (id, id_product, image_url) values (369, 14, 'https://s3-us-west-1.amazonaws.com/shopsproductsphotos/img24.jpg');
insert into images (id, id_product, image_url) values (370, 62, 'https://s3-us-west-1.amazonaws.com/shopsproductsphotos/img131.jpg');
insert into images (id, id_product, image_url) values (371, 83, 'https://s3-us-west-1.amazonaws.com/shopsproductsphotos/img118.jpg');
insert into images (id, id_product, image_url) values (372, 28, 'https://s3-us-west-1.amazonaws.com/shopsproductsphotos/img38.jpg');
insert into images (id, id_product, image_url) values (373, 11, 'https://s3-us-west-1.amazonaws.com/shopsproductsphotos/img107.jpg');
insert into images (id, id_product, image_url) values (374, 149, 'https://s3-us-west-1.amazonaws.com/shopsproductsphotos/img95.jpg');
insert into images (id, id_product, image_url) values (375, 131, 'https://s3-us-west-1.amazonaws.com/shopsproductsphotos/img31.jpg');
insert into images (id, id_product, image_url) values (376, 45, 'https://s3-us-west-1.amazonaws.com/shopsproductsphotos/img121.jpg');
insert into images (id, id_product, image_url) values (377, 145, 'https://s3-us-west-1.amazonaws.com/shopsproductsphotos/img92.jpg');
insert into images (id, id_product, image_url) values (378, 66, 'https://s3-us-west-1.amazonaws.com/shopsproductsphotos/img6.jpg');
insert into images (id, id_product, image_url) values (379, 132, 'https://s3-us-west-1.amazonaws.com/shopsproductsphotos/img40.jpg');
insert into images (id, id_product, image_url) values (380, 21, 'https://s3-us-west-1.amazonaws.com/shopsproductsphotos/img2.jpg');
insert into images (id, id_product, image_url) values (381, 105, 'https://s3-us-west-1.amazonaws.com/shopsproductsphotos/img127.jpg');
insert into images (id, id_product, image_url) values (382, 17, 'https://s3-us-west-1.amazonaws.com/shopsproductsphotos/img158.jpg');
insert into images (id, id_product, image_url) values (383, 13, 'https://s3-us-west-1.amazonaws.com/shopsproductsphotos/img147.jpg');
insert into images (id, id_product, image_url) values (384, 66, 'https://s3-us-west-1.amazonaws.com/shopsproductsphotos/img55.jpg');
insert into images (id, id_product, image_url) values (385, 28, 'https://s3-us-west-1.amazonaws.com/shopsproductsphotos/img159.jpg');
insert into images (id, id_product, image_url) values (386, 128, 'https://s3-us-west-1.amazonaws.com/shopsproductsphotos/img110.jpg');
insert into images (id, id_product, image_url) values (387, 55, 'https://s3-us-west-1.amazonaws.com/shopsproductsphotos/img156.jpg');
insert into images (id, id_product, image_url) values (388, 85, 'https://s3-us-west-1.amazonaws.com/shopsproductsphotos/img137.jpg');
insert into images (id, id_product, image_url) values (389, 136, 'https://s3-us-west-1.amazonaws.com/shopsproductsphotos/img55.jpg');
insert into images (id, id_product, image_url) values (390, 99, 'https://s3-us-west-1.amazonaws.com/shopsproductsphotos/img135.jpg');
insert into images (id, id_product, image_url) values (391, 77, 'https://s3-us-west-1.amazonaws.com/shopsproductsphotos/img47.jpg');
insert into images (id, id_product, image_url) values (392, 32, 'https://s3-us-west-1.amazonaws.com/shopsproductsphotos/img12.jpg');
insert into images (id, id_product, image_url) values (393, 27, 'https://s3-us-west-1.amazonaws.com/shopsproductsphotos/img51.jpg');
insert into images (id, id_product, image_url) values (394, 48, 'https://s3-us-west-1.amazonaws.com/shopsproductsphotos/img54.jpg');
insert into images (id, id_product, image_url) values (395, 137, 'https://s3-us-west-1.amazonaws.com/shopsproductsphotos/img51.jpg');
insert into images (id, id_product, image_url) values (396, 139, 'https://s3-us-west-1.amazonaws.com/shopsproductsphotos/img96.jpg');
insert into images (id, id_product, image_url) values (397, 50, 'https://s3-us-west-1.amazonaws.com/shopsproductsphotos/img40.jpg');
insert into images (id, id_product, image_url) values (398, 20, 'https://s3-us-west-1.amazonaws.com/shopsproductsphotos/img56.jpg');
insert into images (id, id_product, image_url) values (399, 18, 'https://s3-us-west-1.amazonaws.com/shopsproductsphotos/img56.jpg');
insert into images (id, id_product, image_url) values (400, 41, 'https://s3-us-west-1.amazonaws.com/shopsproductsphotos/img87.jpg');
insert into images (id, id_product, image_url) values (401, 35, 'https://s3-us-west-1.amazonaws.com/shopsproductsphotos/img93.jpg');
insert into images (id, id_product, image_url) values (402, 137, 'https://s3-us-west-1.amazonaws.com/shopsproductsphotos/img40.jpg');
insert into images (id, id_product, image_url) values (403, 140, 'https://s3-us-west-1.amazonaws.com/shopsproductsphotos/img20.jpg');
insert into images (id, id_product, image_url) values (404, 101, 'https://s3-us-west-1.amazonaws.com/shopsproductsphotos/img44.jpg');
insert into images (id, id_product, image_url) values (405, 61, 'https://s3-us-west-1.amazonaws.com/shopsproductsphotos/img154.jpg');
insert into images (id, id_product, image_url) values (406, 115, 'https://s3-us-west-1.amazonaws.com/shopsproductsphotos/img100.jpg');
insert into images (id, id_product, image_url) values (407, 30, 'https://s3-us-west-1.amazonaws.com/shopsproductsphotos/img123.jpg');
insert into images (id, id_product, image_url) values (408, 55, 'https://s3-us-west-1.amazonaws.com/shopsproductsphotos/img79.jpg');
insert into images (id, id_product, image_url) values (409, 150, 'https://s3-us-west-1.amazonaws.com/shopsproductsphotos/img66.jpg');
insert into images (id, id_product, image_url) values (410, 132, 'https://s3-us-west-1.amazonaws.com/shopsproductsphotos/img97.jpg');
insert into images (id, id_product, image_url) values (411, 85, 'https://s3-us-west-1.amazonaws.com/shopsproductsphotos/img142.jpg');
insert into images (id, id_product, image_url) values (412, 130, 'https://s3-us-west-1.amazonaws.com/shopsproductsphotos/img55.jpg');
insert into images (id, id_product, image_url) values (413, 150, 'https://s3-us-west-1.amazonaws.com/shopsproductsphotos/img66.jpg');
insert into images (id, id_product, image_url) values (414, 125, 'https://s3-us-west-1.amazonaws.com/shopsproductsphotos/img81.jpg');
insert into images (id, id_product, image_url) values (415, 107, 'https://s3-us-west-1.amazonaws.com/shopsproductsphotos/img39.jpg');
insert into images (id, id_product, image_url) values (416, 81, 'https://s3-us-west-1.amazonaws.com/shopsproductsphotos/img25.jpg');
insert into images (id, id_product, image_url) values (417, 135, 'https://s3-us-west-1.amazonaws.com/shopsproductsphotos/img133.jpg');
insert into images (id, id_product, image_url) values (418, 92, 'https://s3-us-west-1.amazonaws.com/shopsproductsphotos/img112.jpg');
insert into images (id, id_product, image_url) values (419, 127, 'https://s3-us-west-1.amazonaws.com/shopsproductsphotos/img140.jpg');
insert into images (id, id_product, image_url) values (420, 42, 'https://s3-us-west-1.amazonaws.com/shopsproductsphotos/img57.jpg');
insert into images (id, id_product, image_url) values (421, 93, 'https://s3-us-west-1.amazonaws.com/shopsproductsphotos/img140.jpg');
insert into images (id, id_product, image_url) values (422, 42, 'https://s3-us-west-1.amazonaws.com/shopsproductsphotos/img37.jpg');
insert into images (id, id_product, image_url) values (423, 78, 'https://s3-us-west-1.amazonaws.com/shopsproductsphotos/img39.jpg');
insert into images (id, id_product, image_url) values (424, 40, 'https://s3-us-west-1.amazonaws.com/shopsproductsphotos/img83.jpg');
insert into images (id, id_product, image_url) values (425, 126, 'https://s3-us-west-1.amazonaws.com/shopsproductsphotos/img58.jpg');
insert into images (id, id_product, image_url) values (426, 148, 'https://s3-us-west-1.amazonaws.com/shopsproductsphotos/img41.jpg');
insert into images (id, id_product, image_url) values (427, 110, 'https://s3-us-west-1.amazonaws.com/shopsproductsphotos/img84.jpg');
insert into images (id, id_product, image_url) values (428, 41, 'https://s3-us-west-1.amazonaws.com/shopsproductsphotos/img41.jpg');
insert into images (id, id_product, image_url) values (429, 118, 'https://s3-us-west-1.amazonaws.com/shopsproductsphotos/img85.jpg');
insert into images (id, id_product, image_url) values (430, 24, 'https://s3-us-west-1.amazonaws.com/shopsproductsphotos/img119.jpg');
insert into images (id, id_product, image_url) values (431, 81, 'https://s3-us-west-1.amazonaws.com/shopsproductsphotos/img66.jpg');
insert into images (id, id_product, image_url) values (432, 136, 'https://s3-us-west-1.amazonaws.com/shopsproductsphotos/img66.jpg');
insert into images (id, id_product, image_url) values (433, 1, 'https://s3-us-west-1.amazonaws.com/shopsproductsphotos/img3.jpg');
insert into images (id, id_product, image_url) values (434, 99, 'https://s3-us-west-1.amazonaws.com/shopsproductsphotos/img104.jpg');
insert into images (id, id_product, image_url) values (435, 45, 'https://s3-us-west-1.amazonaws.com/shopsproductsphotos/img8.jpg');
insert into images (id, id_product, image_url) values (436, 118, 'https://s3-us-west-1.amazonaws.com/shopsproductsphotos/img110.jpg');
insert into images (id, id_product, image_url) values (437, 118, 'https://s3-us-west-1.amazonaws.com/shopsproductsphotos/img156.jpg');
insert into images (id, id_product, image_url) values (438, 148, 'https://s3-us-west-1.amazonaws.com/shopsproductsphotos/img149.jpg');
insert into images (id, id_product, image_url) values (439, 139, 'https://s3-us-west-1.amazonaws.com/shopsproductsphotos/img125.jpg');
insert into images (id, id_product, image_url) values (440, 34, 'https://s3-us-west-1.amazonaws.com/shopsproductsphotos/img138.jpg');
insert into images (id, id_product, image_url) values (441, 145, 'https://s3-us-west-1.amazonaws.com/shopsproductsphotos/img60.jpg');
insert into images (id, id_product, image_url) values (442, 140, 'https://s3-us-west-1.amazonaws.com/shopsproductsphotos/img142.jpg');
insert into images (id, id_product, image_url) values (443, 107, 'https://s3-us-west-1.amazonaws.com/shopsproductsphotos/img107.jpg');
insert into images (id, id_product, image_url) values (444, 17, 'https://s3-us-west-1.amazonaws.com/shopsproductsphotos/img53.jpg');
insert into images (id, id_product, image_url) values (445, 63, 'https://s3-us-west-1.amazonaws.com/shopsproductsphotos/img124.jpg');
insert into images (id, id_product, image_url) values (446, 103, 'https://s3-us-west-1.amazonaws.com/shopsproductsphotos/img6.jpg');
insert into images (id, id_product, image_url) values (447, 124, 'https://s3-us-west-1.amazonaws.com/shopsproductsphotos/img131.jpg');
insert into images (id, id_product, image_url) values (448, 90, 'https://s3-us-west-1.amazonaws.com/shopsproductsphotos/img103.jpg');
insert into images (id, id_product, image_url) values (449, 112, 'https://s3-us-west-1.amazonaws.com/shopsproductsphotos/img94.jpg');
insert into images (id, id_product, image_url) values (450, 124, 'https://s3-us-west-1.amazonaws.com/shopsproductsphotos/img164.jpg');
insert into images (id, id_product, image_url) values (451, 121, 'https://s3-us-west-1.amazonaws.com/shopsproductsphotos/img79.jpg');
insert into images (id, id_product, image_url) values (452, 96, 'https://s3-us-west-1.amazonaws.com/shopsproductsphotos/img5.jpg');
insert into images (id, id_product, image_url) values (453, 51, 'https://s3-us-west-1.amazonaws.com/shopsproductsphotos/img146.jpg');
insert into images (id, id_product, image_url) values (454, 9, 'https://s3-us-west-1.amazonaws.com/shopsproductsphotos/img93.jpg');
insert into images (id, id_product, image_url) values (455, 149, 'https://s3-us-west-1.amazonaws.com/shopsproductsphotos/img34.jpg');
insert into images (id, id_product, image_url) values (456, 66, 'https://s3-us-west-1.amazonaws.com/shopsproductsphotos/img100.jpg');
insert into images (id, id_product, image_url) values (457, 87, 'https://s3-us-west-1.amazonaws.com/shopsproductsphotos/img54.jpg');
insert into images (id, id_product, image_url) values (458, 113, 'https://s3-us-west-1.amazonaws.com/shopsproductsphotos/img56.jpg');
insert into images (id, id_product, image_url) values (459, 69, 'https://s3-us-west-1.amazonaws.com/shopsproductsphotos/img68.jpg');
insert into images (id, id_product, image_url) values (460, 89, 'https://s3-us-west-1.amazonaws.com/shopsproductsphotos/img139.jpg');
insert into images (id, id_product, image_url) values (461, 142, 'https://s3-us-west-1.amazonaws.com/shopsproductsphotos/img45.jpg');
insert into images (id, id_product, image_url) values (462, 14, 'https://s3-us-west-1.amazonaws.com/shopsproductsphotos/img165.jpg');
insert into images (id, id_product, image_url) values (463, 141, 'https://s3-us-west-1.amazonaws.com/shopsproductsphotos/img6.jpg');
insert into images (id, id_product, image_url) values (464, 69, 'https://s3-us-west-1.amazonaws.com/shopsproductsphotos/img101.jpg');
insert into images (id, id_product, image_url) values (465, 136, 'https://s3-us-west-1.amazonaws.com/shopsproductsphotos/img106.jpg');
insert into images (id, id_product, image_url) values (466, 69, 'https://s3-us-west-1.amazonaws.com/shopsproductsphotos/img152.jpg');
insert into images (id, id_product, image_url) values (467, 55, 'https://s3-us-west-1.amazonaws.com/shopsproductsphotos/img93.jpg');
insert into images (id, id_product, image_url) values (468, 47, 'https://s3-us-west-1.amazonaws.com/shopsproductsphotos/img57.jpg');
insert into images (id, id_product, image_url) values (469, 7, 'https://s3-us-west-1.amazonaws.com/shopsproductsphotos/img57.jpg');
insert into images (id, id_product, image_url) values (470, 114, 'https://s3-us-west-1.amazonaws.com/shopsproductsphotos/img135.jpg');
insert into images (id, id_product, image_url) values (471, 44, 'https://s3-us-west-1.amazonaws.com/shopsproductsphotos/img15.jpg');
insert into images (id, id_product, image_url) values (472, 111, 'https://s3-us-west-1.amazonaws.com/shopsproductsphotos/img122.jpg');
insert into images (id, id_product, image_url) values (473, 60, 'https://s3-us-west-1.amazonaws.com/shopsproductsphotos/img164.jpg');
insert into images (id, id_product, image_url) values (474, 1, 'https://s3-us-west-1.amazonaws.com/shopsproductsphotos/img110.jpg');
insert into images (id, id_product, image_url) values (475, 132, 'https://s3-us-west-1.amazonaws.com/shopsproductsphotos/img104.jpg');
insert into images (id, id_product, image_url) values (476, 111, 'https://s3-us-west-1.amazonaws.com/shopsproductsphotos/img137.jpg');
insert into images (id, id_product, image_url) values (477, 112, 'https://s3-us-west-1.amazonaws.com/shopsproductsphotos/img71.jpg');
insert into images (id, id_product, image_url) values (478, 64, 'https://s3-us-west-1.amazonaws.com/shopsproductsphotos/img8.jpg');
insert into images (id, id_product, image_url) values (479, 3, 'https://s3-us-west-1.amazonaws.com/shopsproductsphotos/img37.jpg');
insert into images (id, id_product, image_url) values (480, 121, 'https://s3-us-west-1.amazonaws.com/shopsproductsphotos/img92.jpg');
insert into images (id, id_product, image_url) values (481, 48, 'https://s3-us-west-1.amazonaws.com/shopsproductsphotos/img120.jpg');
insert into images (id, id_product, image_url) values (482, 83, 'https://s3-us-west-1.amazonaws.com/shopsproductsphotos/img31.jpg');
insert into images (id, id_product, image_url) values (483, 57, 'https://s3-us-west-1.amazonaws.com/shopsproductsphotos/img68.jpg');
insert into images (id, id_product, image_url) values (484, 94, 'https://s3-us-west-1.amazonaws.com/shopsproductsphotos/img38.jpg');
insert into images (id, id_product, image_url) values (485, 144, 'https://s3-us-west-1.amazonaws.com/shopsproductsphotos/img5.jpg');
insert into images (id, id_product, image_url) values (486, 108, 'https://s3-us-west-1.amazonaws.com/shopsproductsphotos/img152.jpg');
insert into images (id, id_product, image_url) values (487, 49, 'https://s3-us-west-1.amazonaws.com/shopsproductsphotos/img1.jpg');
insert into images (id, id_product, image_url) values (488, 52, 'https://s3-us-west-1.amazonaws.com/shopsproductsphotos/img154.jpg');
insert into images (id, id_product, image_url) values (489, 88, 'https://s3-us-west-1.amazonaws.com/shopsproductsphotos/img98.jpg');
insert into images (id, id_product, image_url) values (490, 100, 'https://s3-us-west-1.amazonaws.com/shopsproductsphotos/img53.jpg');
insert into images (id, id_product, image_url) values (491, 145, 'https://s3-us-west-1.amazonaws.com/shopsproductsphotos/img99.jpg');
insert into images (id, id_product, image_url) values (492, 138, 'https://s3-us-west-1.amazonaws.com/shopsproductsphotos/img151.jpg');
insert into images (id, id_product, image_url) values (493, 96, 'https://s3-us-west-1.amazonaws.com/shopsproductsphotos/img159.jpg');
insert into images (id, id_product, image_url) values (494, 75, 'https://s3-us-west-1.amazonaws.com/shopsproductsphotos/img123.jpg');
insert into images (id, id_product, image_url) values (495, 17, 'https://s3-us-west-1.amazonaws.com/shopsproductsphotos/img141.jpg');
insert into images (id, id_product, image_url) values (496, 139, 'https://s3-us-west-1.amazonaws.com/shopsproductsphotos/img5.jpg');
insert into images (id, id_product, image_url) values (497, 102, 'https://s3-us-west-1.amazonaws.com/shopsproductsphotos/img127.jpg');
insert into images (id, id_product, image_url) values (498, 112, 'https://s3-us-west-1.amazonaws.com/shopsproductsphotos/img66.jpg');
insert into images (id, id_product, image_url) values (499, 62, 'https://s3-us-west-1.amazonaws.com/shopsproductsphotos/img48.jpg');
insert into images (id, id_product, image_url) values (500, 127, 'https://s3-us-west-1.amazonaws.com/shopsproductsphotos/img36.jpg');
insert into images (id, id_product, image_url) values (501, 48, 'https://s3-us-west-1.amazonaws.com/shopsproductsphotos/img33.jpg');
insert into images (id, id_product, image_url) values (502, 86, 'https://s3-us-west-1.amazonaws.com/shopsproductsphotos/img31.jpg');
insert into images (id, id_product, image_url) values (503, 79, 'https://s3-us-west-1.amazonaws.com/shopsproductsphotos/img41.jpg');
insert into images (id, id_product, image_url) values (504, 84, 'https://s3-us-west-1.amazonaws.com/shopsproductsphotos/img16.jpg');
insert into images (id, id_product, image_url) values (505, 147, 'https://s3-us-west-1.amazonaws.com/shopsproductsphotos/img63.jpg');
insert into images (id, id_product, image_url) values (506, 47, 'https://s3-us-west-1.amazonaws.com/shopsproductsphotos/img120.jpg');
insert into images (id, id_product, image_url) values (507, 150, 'https://s3-us-west-1.amazonaws.com/shopsproductsphotos/img43.jpg');
insert into images (id, id_product, image_url) values (508, 82, 'https://s3-us-west-1.amazonaws.com/shopsproductsphotos/img50.jpg');
insert into images (id, id_product, image_url) values (509, 33, 'https://s3-us-west-1.amazonaws.com/shopsproductsphotos/img22.jpg');
insert into images (id, id_product, image_url) values (510, 126, 'https://s3-us-west-1.amazonaws.com/shopsproductsphotos/img39.jpg');
insert into images (id, id_product, image_url) values (511, 140, 'https://s3-us-west-1.amazonaws.com/shopsproductsphotos/img34.jpg');
insert into images (id, id_product, image_url) values (512, 46, 'https://s3-us-west-1.amazonaws.com/shopsproductsphotos/img18.jpg');
insert into images (id, id_product, image_url) values (513, 36, 'https://s3-us-west-1.amazonaws.com/shopsproductsphotos/img107.jpg');
insert into images (id, id_product, image_url) values (514, 74, 'https://s3-us-west-1.amazonaws.com/shopsproductsphotos/img116.jpg');
insert into images (id, id_product, image_url) values (515, 143, 'https://s3-us-west-1.amazonaws.com/shopsproductsphotos/img90.jpg');
insert into images (id, id_product, image_url) values (516, 103, 'https://s3-us-west-1.amazonaws.com/shopsproductsphotos/img46.jpg');
insert into images (id, id_product, image_url) values (517, 83, 'https://s3-us-west-1.amazonaws.com/shopsproductsphotos/img2.jpg');
insert into images (id, id_product, image_url) values (518, 98, 'https://s3-us-west-1.amazonaws.com/shopsproductsphotos/img29.jpg');
insert into images (id, id_product, image_url) values (519, 95, 'https://s3-us-west-1.amazonaws.com/shopsproductsphotos/img50.jpg');
insert into images (id, id_product, image_url) values (520, 103, 'https://s3-us-west-1.amazonaws.com/shopsproductsphotos/img47.jpg');
insert into images (id, id_product, image_url) values (521, 90, 'https://s3-us-west-1.amazonaws.com/shopsproductsphotos/img84.jpg');
insert into images (id, id_product, image_url) values (522, 126, 'https://s3-us-west-1.amazonaws.com/shopsproductsphotos/img9.jpg');
insert into images (id, id_product, image_url) values (523, 106, 'https://s3-us-west-1.amazonaws.com/shopsproductsphotos/img104.jpg');
insert into images (id, id_product, image_url) values (524, 22, 'https://s3-us-west-1.amazonaws.com/shopsproductsphotos/img148.jpg');
insert into images (id, id_product, image_url) values (525, 40, 'https://s3-us-west-1.amazonaws.com/shopsproductsphotos/img4.jpg');
insert into images (id, id_product, image_url) values (526, 79, 'https://s3-us-west-1.amazonaws.com/shopsproductsphotos/img132.jpg');
insert into images (id, id_product, image_url) values (527, 121, 'https://s3-us-west-1.amazonaws.com/shopsproductsphotos/img107.jpg');
insert into images (id, id_product, image_url) values (528, 63, 'https://s3-us-west-1.amazonaws.com/shopsproductsphotos/img88.jpg');
insert into images (id, id_product, image_url) values (529, 114, 'https://s3-us-west-1.amazonaws.com/shopsproductsphotos/img49.jpg');
insert into images (id, id_product, image_url) values (530, 62, 'https://s3-us-west-1.amazonaws.com/shopsproductsphotos/img137.jpg');
insert into images (id, id_product, image_url) values (531, 50, 'https://s3-us-west-1.amazonaws.com/shopsproductsphotos/img119.jpg');
insert into images (id, id_product, image_url) values (532, 62, 'https://s3-us-west-1.amazonaws.com/shopsproductsphotos/img16.jpg');
insert into images (id, id_product, image_url) values (533, 62, 'https://s3-us-west-1.amazonaws.com/shopsproductsphotos/img127.jpg');
insert into images (id, id_product, image_url) values (534, 44, 'https://s3-us-west-1.amazonaws.com/shopsproductsphotos/img39.jpg');
insert into images (id, id_product, image_url) values (535, 22, 'https://s3-us-west-1.amazonaws.com/shopsproductsphotos/img109.jpg');
insert into images (id, id_product, image_url) values (536, 137, 'https://s3-us-west-1.amazonaws.com/shopsproductsphotos/img137.jpg');
insert into images (id, id_product, image_url) values (537, 142, 'https://s3-us-west-1.amazonaws.com/shopsproductsphotos/img46.jpg');
insert into images (id, id_product, image_url) values (538, 125, 'https://s3-us-west-1.amazonaws.com/shopsproductsphotos/img86.jpg');
insert into images (id, id_product, image_url) values (539, 93, 'https://s3-us-west-1.amazonaws.com/shopsproductsphotos/img145.jpg');
insert into images (id, id_product, image_url) values (540, 14, 'https://s3-us-west-1.amazonaws.com/shopsproductsphotos/img7.jpg');
insert into images (id, id_product, image_url) values (541, 113, 'https://s3-us-west-1.amazonaws.com/shopsproductsphotos/img106.jpg');
insert into images (id, id_product, image_url) values (542, 86, 'https://s3-us-west-1.amazonaws.com/shopsproductsphotos/img20.jpg');
insert into images (id, id_product, image_url) values (543, 23, 'https://s3-us-west-1.amazonaws.com/shopsproductsphotos/img112.jpg');
insert into images (id, id_product, image_url) values (544, 120, 'https://s3-us-west-1.amazonaws.com/shopsproductsphotos/img140.jpg');
insert into images (id, id_product, image_url) values (545, 108, 'https://s3-us-west-1.amazonaws.com/shopsproductsphotos/img79.jpg');
insert into images (id, id_product, image_url) values (546, 150, 'https://s3-us-west-1.amazonaws.com/shopsproductsphotos/img114.jpg');
insert into images (id, id_product, image_url) values (547, 139, 'https://s3-us-west-1.amazonaws.com/shopsproductsphotos/img112.jpg');
insert into images (id, id_product, image_url) values (548, 113, 'https://s3-us-west-1.amazonaws.com/shopsproductsphotos/img83.jpg');
insert into images (id, id_product, image_url) values (549, 77, 'https://s3-us-west-1.amazonaws.com/shopsproductsphotos/img46.jpg');
insert into images (id, id_product, image_url) values (550, 127, 'https://s3-us-west-1.amazonaws.com/shopsproductsphotos/img138.jpg');
insert into images (id, id_product, image_url) values (551, 6, 'https://s3-us-west-1.amazonaws.com/shopsproductsphotos/img44.jpg');
insert into images (id, id_product, image_url) values (552, 133, 'https://s3-us-west-1.amazonaws.com/shopsproductsphotos/img82.jpg');
insert into images (id, id_product, image_url) values (553, 83, 'https://s3-us-west-1.amazonaws.com/shopsproductsphotos/img97.jpg');
insert into images (id, id_product, image_url) values (554, 81, 'https://s3-us-west-1.amazonaws.com/shopsproductsphotos/img84.jpg');
insert into images (id, id_product, image_url) values (555, 29, 'https://s3-us-west-1.amazonaws.com/shopsproductsphotos/img34.jpg');
insert into images (id, id_product, image_url) values (556, 62, 'https://s3-us-west-1.amazonaws.com/shopsproductsphotos/img132.jpg');
insert into images (id, id_product, image_url) values (557, 149, 'https://s3-us-west-1.amazonaws.com/shopsproductsphotos/img116.jpg');
insert into images (id, id_product, image_url) values (558, 21, 'https://s3-us-west-1.amazonaws.com/shopsproductsphotos/img144.jpg');
insert into images (id, id_product, image_url) values (559, 15, 'https://s3-us-west-1.amazonaws.com/shopsproductsphotos/img114.jpg');
insert into images (id, id_product, image_url) values (560, 107, 'https://s3-us-west-1.amazonaws.com/shopsproductsphotos/img83.jpg');
insert into images (id, id_product, image_url) values (561, 32, 'https://s3-us-west-1.amazonaws.com/shopsproductsphotos/img153.jpg');
insert into images (id, id_product, image_url) values (562, 36, 'https://s3-us-west-1.amazonaws.com/shopsproductsphotos/img117.jpg');
insert into images (id, id_product, image_url) values (563, 138, 'https://s3-us-west-1.amazonaws.com/shopsproductsphotos/img159.jpg');
insert into images (id, id_product, image_url) values (564, 61, 'https://s3-us-west-1.amazonaws.com/shopsproductsphotos/img90.jpg');
insert into images (id, id_product, image_url) values (565, 96, 'https://s3-us-west-1.amazonaws.com/shopsproductsphotos/img105.jpg');
insert into images (id, id_product, image_url) values (566, 116, 'https://s3-us-west-1.amazonaws.com/shopsproductsphotos/img101.jpg');
insert into images (id, id_product, image_url) values (567, 142, 'https://s3-us-west-1.amazonaws.com/shopsproductsphotos/img7.jpg');
insert into images (id, id_product, image_url) values (568, 90, 'https://s3-us-west-1.amazonaws.com/shopsproductsphotos/img140.jpg');
insert into images (id, id_product, image_url) values (569, 80, 'https://s3-us-west-1.amazonaws.com/shopsproductsphotos/img4.jpg');
insert into images (id, id_product, image_url) values (570, 42, 'https://s3-us-west-1.amazonaws.com/shopsproductsphotos/img80.jpg');
insert into images (id, id_product, image_url) values (571, 97, 'https://s3-us-west-1.amazonaws.com/shopsproductsphotos/img113.jpg');
insert into images (id, id_product, image_url) values (572, 68, 'https://s3-us-west-1.amazonaws.com/shopsproductsphotos/img133.jpg');
insert into images (id, id_product, image_url) values (573, 100, 'https://s3-us-west-1.amazonaws.com/shopsproductsphotos/img41.jpg');
insert into images (id, id_product, image_url) values (574, 112, 'https://s3-us-west-1.amazonaws.com/shopsproductsphotos/img95.jpg');
insert into images (id, id_product, image_url) values (575, 90, 'https://s3-us-west-1.amazonaws.com/shopsproductsphotos/img3.jpg');
insert into images (id, id_product, image_url) values (576, 23, 'https://s3-us-west-1.amazonaws.com/shopsproductsphotos/img106.jpg');
insert into images (id, id_product, image_url) values (577, 66, 'https://s3-us-west-1.amazonaws.com/shopsproductsphotos/img21.jpg');
insert into images (id, id_product, image_url) values (578, 51, 'https://s3-us-west-1.amazonaws.com/shopsproductsphotos/img165.jpg');
insert into images (id, id_product, image_url) values (579, 39, 'https://s3-us-west-1.amazonaws.com/shopsproductsphotos/img59.jpg');
insert into images (id, id_product, image_url) values (580, 62, 'https://s3-us-west-1.amazonaws.com/shopsproductsphotos/img48.jpg');
insert into images (id, id_product, image_url) values (581, 45, 'https://s3-us-west-1.amazonaws.com/shopsproductsphotos/img53.jpg');
insert into images (id, id_product, image_url) values (582, 17, 'https://s3-us-west-1.amazonaws.com/shopsproductsphotos/img23.jpg');
insert into images (id, id_product, image_url) values (583, 142, 'https://s3-us-west-1.amazonaws.com/shopsproductsphotos/img25.jpg');
insert into images (id, id_product, image_url) values (584, 50, 'https://s3-us-west-1.amazonaws.com/shopsproductsphotos/img80.jpg');
insert into images (id, id_product, image_url) values (585, 11, 'https://s3-us-west-1.amazonaws.com/shopsproductsphotos/img59.jpg');
insert into images (id, id_product, image_url) values (586, 13, 'https://s3-us-west-1.amazonaws.com/shopsproductsphotos/img153.jpg');
insert into images (id, id_product, image_url) values (587, 12, 'https://s3-us-west-1.amazonaws.com/shopsproductsphotos/img133.jpg');
insert into images (id, id_product, image_url) values (588, 65, 'https://s3-us-west-1.amazonaws.com/shopsproductsphotos/img115.jpg');
insert into images (id, id_product, image_url) values (589, 72, 'https://s3-us-west-1.amazonaws.com/shopsproductsphotos/img4.jpg');
insert into images (id, id_product, image_url) values (590, 55, 'https://s3-us-west-1.amazonaws.com/shopsproductsphotos/img154.jpg');
insert into images (id, id_product, image_url) values (591, 77, 'https://s3-us-west-1.amazonaws.com/shopsproductsphotos/img76.jpg');
insert into images (id, id_product, image_url) values (592, 74, 'https://s3-us-west-1.amazonaws.com/shopsproductsphotos/img126.jpg');
insert into images (id, id_product, image_url) values (593, 146, 'https://s3-us-west-1.amazonaws.com/shopsproductsphotos/img107.jpg');
insert into images (id, id_product, image_url) values (594, 144, 'https://s3-us-west-1.amazonaws.com/shopsproductsphotos/img73.jpg');
insert into images (id, id_product, image_url) values (595, 72, 'https://s3-us-west-1.amazonaws.com/shopsproductsphotos/img14.jpg');
insert into images (id, id_product, image_url) values (596, 79, 'https://s3-us-west-1.amazonaws.com/shopsproductsphotos/img36.jpg');
insert into images (id, id_product, image_url) values (597, 76, 'https://s3-us-west-1.amazonaws.com/shopsproductsphotos/img105.jpg');
insert into images (id, id_product, image_url) values (598, 29, 'https://s3-us-west-1.amazonaws.com/shopsproductsphotos/img121.jpg');
insert into images (id, id_product, image_url) values (599, 128, 'https://s3-us-west-1.amazonaws.com/shopsproductsphotos/img139.jpg');
insert into images (id, id_product, image_url) values (600, 103, 'https://s3-us-west-1.amazonaws.com/shopsproductsphotos/img136.jpg');
insert into images (id, id_product, image_url) values (601, 107, 'https://s3-us-west-1.amazonaws.com/shopsproductsphotos/img165.jpg');
insert into images (id, id_product, image_url) values (602, 12, 'https://s3-us-west-1.amazonaws.com/shopsproductsphotos/img65.jpg');
insert into images (id, id_product, image_url) values (603, 56, 'https://s3-us-west-1.amazonaws.com/shopsproductsphotos/img49.jpg');
insert into images (id, id_product, image_url) values (604, 149, 'https://s3-us-west-1.amazonaws.com/shopsproductsphotos/img83.jpg');
insert into images (id, id_product, image_url) values (605, 137, 'https://s3-us-west-1.amazonaws.com/shopsproductsphotos/img23.jpg');
insert into images (id, id_product, image_url) values (606, 56, 'https://s3-us-west-1.amazonaws.com/shopsproductsphotos/img84.jpg');
insert into images (id, id_product, image_url) values (607, 99, 'https://s3-us-west-1.amazonaws.com/shopsproductsphotos/img123.jpg');
insert into images (id, id_product, image_url) values (608, 4, 'https://s3-us-west-1.amazonaws.com/shopsproductsphotos/img66.jpg');
insert into images (id, id_product, image_url) values (609, 40, 'https://s3-us-west-1.amazonaws.com/shopsproductsphotos/img72.jpg');
insert into images (id, id_product, image_url) values (610, 141, 'https://s3-us-west-1.amazonaws.com/shopsproductsphotos/img83.jpg');
insert into images (id, id_product, image_url) values (611, 78, 'https://s3-us-west-1.amazonaws.com/shopsproductsphotos/img144.jpg');
insert into images (id, id_product, image_url) values (612, 131, 'https://s3-us-west-1.amazonaws.com/shopsproductsphotos/img13.jpg');
insert into images (id, id_product, image_url) values (613, 137, 'https://s3-us-west-1.amazonaws.com/shopsproductsphotos/img5.jpg');
insert into images (id, id_product, image_url) values (614, 44, 'https://s3-us-west-1.amazonaws.com/shopsproductsphotos/img17.jpg');
insert into images (id, id_product, image_url) values (615, 67, 'https://s3-us-west-1.amazonaws.com/shopsproductsphotos/img83.jpg');
insert into images (id, id_product, image_url) values (616, 105, 'https://s3-us-west-1.amazonaws.com/shopsproductsphotos/img64.jpg');
insert into images (id, id_product, image_url) values (617, 70, 'https://s3-us-west-1.amazonaws.com/shopsproductsphotos/img88.jpg');
insert into images (id, id_product, image_url) values (618, 117, 'https://s3-us-west-1.amazonaws.com/shopsproductsphotos/img80.jpg');
insert into images (id, id_product, image_url) values (619, 147, 'https://s3-us-west-1.amazonaws.com/shopsproductsphotos/img125.jpg');
insert into images (id, id_product, image_url) values (620, 150, 'https://s3-us-west-1.amazonaws.com/shopsproductsphotos/img94.jpg');
insert into images (id, id_product, image_url) values (621, 95, 'https://s3-us-west-1.amazonaws.com/shopsproductsphotos/img26.jpg');
insert into images (id, id_product, image_url) values (622, 29, 'https://s3-us-west-1.amazonaws.com/shopsproductsphotos/img139.jpg');
insert into images (id, id_product, image_url) values (623, 67, 'https://s3-us-west-1.amazonaws.com/shopsproductsphotos/img74.jpg');
insert into images (id, id_product, image_url) values (624, 132, 'https://s3-us-west-1.amazonaws.com/shopsproductsphotos/img75.jpg');
insert into images (id, id_product, image_url) values (625, 20, 'https://s3-us-west-1.amazonaws.com/shopsproductsphotos/img146.jpg');
insert into images (id, id_product, image_url) values (626, 2, 'https://s3-us-west-1.amazonaws.com/shopsproductsphotos/img145.jpg');
insert into images (id, id_product, image_url) values (627, 129, 'https://s3-us-west-1.amazonaws.com/shopsproductsphotos/img152.jpg');
insert into images (id, id_product, image_url) values (628, 89, 'https://s3-us-west-1.amazonaws.com/shopsproductsphotos/img150.jpg');
insert into images (id, id_product, image_url) values (629, 29, 'https://s3-us-west-1.amazonaws.com/shopsproductsphotos/img75.jpg');
insert into images (id, id_product, image_url) values (630, 90, 'https://s3-us-west-1.amazonaws.com/shopsproductsphotos/img59.jpg');
insert into images (id, id_product, image_url) values (631, 35, 'https://s3-us-west-1.amazonaws.com/shopsproductsphotos/img9.jpg');
insert into images (id, id_product, image_url) values (632, 140, 'https://s3-us-west-1.amazonaws.com/shopsproductsphotos/img40.jpg');
insert into images (id, id_product, image_url) values (633, 132, 'https://s3-us-west-1.amazonaws.com/shopsproductsphotos/img7.jpg');
insert into images (id, id_product, image_url) values (634, 88, 'https://s3-us-west-1.amazonaws.com/shopsproductsphotos/img83.jpg');
insert into images (id, id_product, image_url) values (635, 9, 'https://s3-us-west-1.amazonaws.com/shopsproductsphotos/img26.jpg');
insert into images (id, id_product, image_url) values (636, 36, 'https://s3-us-west-1.amazonaws.com/shopsproductsphotos/img120.jpg');
insert into images (id, id_product, image_url) values (637, 141, 'https://s3-us-west-1.amazonaws.com/shopsproductsphotos/img103.jpg');
insert into images (id, id_product, image_url) values (638, 111, 'https://s3-us-west-1.amazonaws.com/shopsproductsphotos/img12.jpg');
insert into images (id, id_product, image_url) values (639, 142, 'https://s3-us-west-1.amazonaws.com/shopsproductsphotos/img109.jpg');
insert into images (id, id_product, image_url) values (640, 65, 'https://s3-us-west-1.amazonaws.com/shopsproductsphotos/img122.jpg');
insert into images (id, id_product, image_url) values (641, 84, 'https://s3-us-west-1.amazonaws.com/shopsproductsphotos/img27.jpg');
insert into images (id, id_product, image_url) values (642, 1, 'https://s3-us-west-1.amazonaws.com/shopsproductsphotos/img109.jpg');
insert into images (id, id_product, image_url) values (643, 42, 'https://s3-us-west-1.amazonaws.com/shopsproductsphotos/img92.jpg');
insert into images (id, id_product, image_url) values (644, 28, 'https://s3-us-west-1.amazonaws.com/shopsproductsphotos/img117.jpg');
insert into images (id, id_product, image_url) values (645, 68, 'https://s3-us-west-1.amazonaws.com/shopsproductsphotos/img69.jpg');
insert into images (id, id_product, image_url) values (646, 115, 'https://s3-us-west-1.amazonaws.com/shopsproductsphotos/img133.jpg');
insert into images (id, id_product, image_url) values (647, 89, 'https://s3-us-west-1.amazonaws.com/shopsproductsphotos/img62.jpg');
insert into images (id, id_product, image_url) values (648, 148, 'https://s3-us-west-1.amazonaws.com/shopsproductsphotos/img21.jpg');
insert into images (id, id_product, image_url) values (649, 77, 'https://s3-us-west-1.amazonaws.com/shopsproductsphotos/img33.jpg');
insert into images (id, id_product, image_url) values (650, 38, 'https://s3-us-west-1.amazonaws.com/shopsproductsphotos/img5.jpg');
insert into images (id, id_product, image_url) values (651, 82, 'https://s3-us-west-1.amazonaws.com/shopsproductsphotos/img74.jpg');
insert into images (id, id_product, image_url) values (652, 134, 'https://s3-us-west-1.amazonaws.com/shopsproductsphotos/img40.jpg');
insert into images (id, id_product, image_url) values (653, 31, 'https://s3-us-west-1.amazonaws.com/shopsproductsphotos/img147.jpg');
insert into images (id, id_product, image_url) values (654, 74, 'https://s3-us-west-1.amazonaws.com/shopsproductsphotos/img148.jpg');
insert into images (id, id_product, image_url) values (655, 72, 'https://s3-us-west-1.amazonaws.com/shopsproductsphotos/img138.jpg');
insert into images (id, id_product, image_url) values (656, 20, 'https://s3-us-west-1.amazonaws.com/shopsproductsphotos/img107.jpg');
insert into images (id, id_product, image_url) values (657, 64, 'https://s3-us-west-1.amazonaws.com/shopsproductsphotos/img56.jpg');
insert into images (id, id_product, image_url) values (658, 77, 'https://s3-us-west-1.amazonaws.com/shopsproductsphotos/img11.jpg');
insert into images (id, id_product, image_url) values (659, 92, 'https://s3-us-west-1.amazonaws.com/shopsproductsphotos/img94.jpg');
insert into images (id, id_product, image_url) values (660, 68, 'https://s3-us-west-1.amazonaws.com/shopsproductsphotos/img114.jpg');
insert into images (id, id_product, image_url) values (661, 4, 'https://s3-us-west-1.amazonaws.com/shopsproductsphotos/img127.jpg');
insert into images (id, id_product, image_url) values (662, 46, 'https://s3-us-west-1.amazonaws.com/shopsproductsphotos/img109.jpg');
insert into images (id, id_product, image_url) values (663, 24, 'https://s3-us-west-1.amazonaws.com/shopsproductsphotos/img103.jpg');
insert into images (id, id_product, image_url) values (664, 110, 'https://s3-us-west-1.amazonaws.com/shopsproductsphotos/img20.jpg');
insert into images (id, id_product, image_url) values (665, 14, 'https://s3-us-west-1.amazonaws.com/shopsproductsphotos/img142.jpg');
insert into images (id, id_product, image_url) values (666, 52, 'https://s3-us-west-1.amazonaws.com/shopsproductsphotos/img136.jpg');
insert into images (id, id_product, image_url) values (667, 63, 'https://s3-us-west-1.amazonaws.com/shopsproductsphotos/img93.jpg');
insert into images (id, id_product, image_url) values (668, 132, 'https://s3-us-west-1.amazonaws.com/shopsproductsphotos/img25.jpg');
insert into images (id, id_product, image_url) values (669, 134, 'https://s3-us-west-1.amazonaws.com/shopsproductsphotos/img108.jpg');
insert into images (id, id_product, image_url) values (670, 80, 'https://s3-us-west-1.amazonaws.com/shopsproductsphotos/img32.jpg');
insert into images (id, id_product, image_url) values (671, 45, 'https://s3-us-west-1.amazonaws.com/shopsproductsphotos/img66.jpg');
insert into images (id, id_product, image_url) values (672, 146, 'https://s3-us-west-1.amazonaws.com/shopsproductsphotos/img94.jpg');
insert into images (id, id_product, image_url) values (673, 80, 'https://s3-us-west-1.amazonaws.com/shopsproductsphotos/img83.jpg');
insert into images (id, id_product, image_url) values (674, 79, 'https://s3-us-west-1.amazonaws.com/shopsproductsphotos/img82.jpg');
insert into images (id, id_product, image_url) values (675, 136, 'https://s3-us-west-1.amazonaws.com/shopsproductsphotos/img12.jpg');
insert into images (id, id_product, image_url) values (676, 109, 'https://s3-us-west-1.amazonaws.com/shopsproductsphotos/img127.jpg');
insert into images (id, id_product, image_url) values (677, 22, 'https://s3-us-west-1.amazonaws.com/shopsproductsphotos/img108.jpg');
insert into images (id, id_product, image_url) values (678, 118, 'https://s3-us-west-1.amazonaws.com/shopsproductsphotos/img154.jpg');
insert into images (id, id_product, image_url) values (679, 108, 'https://s3-us-west-1.amazonaws.com/shopsproductsphotos/img135.jpg');
insert into images (id, id_product, image_url) values (680, 23, 'https://s3-us-west-1.amazonaws.com/shopsproductsphotos/img142.jpg');
insert into images (id, id_product, image_url) values (681, 127, 'https://s3-us-west-1.amazonaws.com/shopsproductsphotos/img118.jpg');
insert into images (id, id_product, image_url) values (682, 12, 'https://s3-us-west-1.amazonaws.com/shopsproductsphotos/img104.jpg');
insert into images (id, id_product, image_url) values (683, 75, 'https://s3-us-west-1.amazonaws.com/shopsproductsphotos/img164.jpg');
insert into images (id, id_product, image_url) values (684, 75, 'https://s3-us-west-1.amazonaws.com/shopsproductsphotos/img74.jpg');
insert into images (id, id_product, image_url) values (685, 96, 'https://s3-us-west-1.amazonaws.com/shopsproductsphotos/img152.jpg');
insert into images (id, id_product, image_url) values (686, 120, 'https://s3-us-west-1.amazonaws.com/shopsproductsphotos/img127.jpg');
insert into images (id, id_product, image_url) values (687, 118, 'https://s3-us-west-1.amazonaws.com/shopsproductsphotos/img92.jpg');
insert into images (id, id_product, image_url) values (688, 87, 'https://s3-us-west-1.amazonaws.com/shopsproductsphotos/img134.jpg');
insert into images (id, id_product, image_url) values (689, 117, 'https://s3-us-west-1.amazonaws.com/shopsproductsphotos/img63.jpg');
insert into images (id, id_product, image_url) values (690, 62, 'https://s3-us-west-1.amazonaws.com/shopsproductsphotos/img85.jpg');
insert into images (id, id_product, image_url) values (691, 70, 'https://s3-us-west-1.amazonaws.com/shopsproductsphotos/img1.jpg');
insert into images (id, id_product, image_url) values (692, 122, 'https://s3-us-west-1.amazonaws.com/shopsproductsphotos/img156.jpg');
insert into images (id, id_product, image_url) values (693, 102, 'https://s3-us-west-1.amazonaws.com/shopsproductsphotos/img70.jpg');
insert into images (id, id_product, image_url) values (694, 15, 'https://s3-us-west-1.amazonaws.com/shopsproductsphotos/img145.jpg');
insert into images (id, id_product, image_url) values (695, 71, 'https://s3-us-west-1.amazonaws.com/shopsproductsphotos/img160.jpg');
insert into images (id, id_product, image_url) values (696, 36, 'https://s3-us-west-1.amazonaws.com/shopsproductsphotos/img147.jpg');
insert into images (id, id_product, image_url) values (697, 21, 'https://s3-us-west-1.amazonaws.com/shopsproductsphotos/img134.jpg');
insert into images (id, id_product, image_url) values (698, 76, 'https://s3-us-west-1.amazonaws.com/shopsproductsphotos/img21.jpg');
insert into images (id, id_product, image_url) values (699, 14, 'https://s3-us-west-1.amazonaws.com/shopsproductsphotos/img72.jpg');
insert into images (id, id_product, image_url) values (700, 5, 'https://s3-us-west-1.amazonaws.com/shopsproductsphotos/img126.jpg');

